graph_id,repo_id,base_commit,repo,status,created_at,size
e89f5a7e-7d80-4de9-9bd2-d866f5b47f82,6742ecc5-d44b-4b8d-b3ac-037ebb641659,cebe3fb299a4ea6787a11d8700a9933cc838bcfb,simdjson/simdjson,completed,2025-07-01 17:20:08.793221+00:00,4.057
3bf35b06-1492-4ba0-9d91-510c597c7530,2a408baf-7e8d-4f64-acf6-3f4554376d01,ccea338070c795fd966a4dc08b19268b6fbad5ef,fmtlib/fmt,completed,2025-07-01 17:21:41.768607+00:00,2.545
5f078a97-3f2c-4cdb-8bc4-d4d1eebc0882,1a04b2c9-854d-4cc1-a684-fc80751bbb47,22cdfb0c93f8ec78492d87edb810f10cb7f57a31,mwaskom/seaborn,completed,2025-02-25 14:50:39.155791+00:00,1.779
5264b99d-336a-432c-b88d-6fcff4166541,487acfb5-8e7d-49a4-8322-1a95344ccd46,a7e38c5c61928033a2dc1915cbee8caa8544a4d0,pytest-dev/pytest,completed,2025-02-26 15:50:52.933833+00:00,2.926
18fafc0c-df8b-4051-884c-cd700d801857,695517ce-f198-43bc-9ae4-346c056555cb,b2571883cae4290b4ef0dd0a583d22c14116c4a3,zeromicro/go-zero,completed,2025-07-01 17:22:16.019422+00:00,2.628
578482ef-578f-4b3f-a448-911ceab4acac,3310c73c-8059-4b77-8bf7-4401c7e99b9a,3dd06a46750d174f821df5377996f493f1af4ebb,matplotlib/matplotlib,completed,2025-02-25 14:44:00.071746+00:00,11.403
0eb992ed-edc5-4b8f-a1c3-4f64b3c63f91,6dede082-d9ce-484e-ba0b-bbc2ac219cc0,a3e2897bfaf9eaac1d6649da535c4e721c89fa69,matplotlib/matplotlib,completed,2025-02-25 14:15:43.171297+00:00,11.467
9e6510d5-a15a-4c23-bd05-ba4a80133829,f370ead8-6984-42e8-805b-f2f99177cd6d,b9cf764be62e77b4777b3a75ec256f6209a57671,django/django,completed,2025-02-25 14:13:18.740824+00:00,8.619
fe588bec-21c0-4361-8664-f30756dd7b50,8a0b970c-512e-4f83-9f2d-b9b9d3d92275,d65c9ca20ddf81ef91199e6d819f9d3506ef477c,matplotlib/matplotlib,completed,2025-02-25 15:09:31.963537+00:00,11.498
7b4cae1c-8a45-4866-80e7-a94d88dc2560,faef84c8-f3b8-400a-97e8-1d0fde1826db,6fe21d8f5224c5d8a58d210bd2bc70f5a008294c,cli/cli,completed,2025-07-01 17:22:52.312344+00:00,4.868
f642c5c9-9e85-4520-b4e5-1d7bbf9861d1,47274b4b-e974-4890-aa9d-7c0b61ef4320,54cab15bdacfaa05a88fbc5502a5b322d99f148e,mwaskom/seaborn,completed,2025-02-25 14:21:05.316702+00:00,1.736
d96cf6dc-8d21-4cf9-add7-177f1f00d343,7f3adb36-67c8-4944-8a1e-0cf3153686f8,298ccb478e6bf092953bca67a3d29dc6c35f6752,astropy/astropy,completed,2025-02-25 14:10:52.038063+00:00,20.199
aa721e37-6195-46b2-9207-b55a4e67fdd8,efe85525-c4d7-4e4f-ba43-f05d77fbfde2,7ee9ceb71e868944a46e1ff00b506772a53a4f1d,pallets/flask,completed,2025-02-25 14:21:45.773982+00:00,0.792
b175ddab-a257-47df-99e9-2681c0ad0480,49fdc61b-672f-4db8-96f8-4069ad03b140,14d026cccb144c6877294ba4cd4e03ebf0842498,django/django,completed,2025-02-25 15:07:04.490432+00:00,8.748
5afc8cab-230a-41f2-975b-a8d5ebfe06be,8613a1b0-00a0-4f8d-a95a-cc906150d1f6,b7d05919865fc0c37a0164cf467d5d5513bd0ede,matplotlib/matplotlib,completed,2025-02-10 18:04:30.532780+00:00,10.721
27d7a64b-30da-40a3-9fc9-578ea21a06ad,e6b2f7c9-023d-4d55-92f5-c386464a08f9,22623bd8c265b78b161542663ee980738441c307,psf/requests,completed,2025-02-25 14:23:47.708589+00:00,0.699
34731785-5cd5-453a-bd48-120848b4b056,c7613d45-5ea4-444e-a991-019a1be55588,94621cef29f80282436d73e8d2c0aa76dab81273,mwaskom/seaborn,completed,2025-02-11 13:26:31.854126+00:00,1.537
f96c27f8-789a-45ad-b867-28b2df58b94b,931a9638-fc92-49ed-a9d7-d6d96d423ddc,360290c4c401e386db60723ddb0109ed499c9f6e,sympy/sympy,completed,2025-02-25 14:36:50.441965+00:00,11.075
c517b99c-78cf-4247-8102-4e05a1f28170,c1863dfb-4921-4203-b9ed-d7d92474c188,586f4318ffcdfbd9a1093f35ad43e81983740b66,scikit-learn/scikit-learn,completed,2025-02-26 19:10:01.436468+00:00,9.917
33938130-a29d-4b47-a50a-5030f324bae9,dc892764-f84a-4a11-aa6d-850d626b7a6c,d8c37f43724cd9fb0870f77877b7c4c7e38a19e0,pallets/flask,completed,2025-01-13 17:20:23.960320+00:00,0.838
bcea6f09-1b5f-4e1e-874e-741e45d3ee07,cbf7d753-0182-458c-b62f-a8d34ceba362,e7fd69d051eaa67cb17f172a39b57253e9cb831a,django/django,completed,2025-01-13 17:38:37.165826+00:00,8.688
78573240-f3a2-49d1-8c06-4f09a7931d55,08d38858-c14e-4551-9008-35993d76a2eb,7bdc11e87c7d86dcc2a087eccb7a7c129a473415,sphinx-doc/sphinx,completed,2025-01-13 18:25:57.324902+00:00,4.29
19f4d91d-7a81-4496-9fd8-62e4ae7993d1,390568ac-bf5b-4aca-8d63-d93f31b304b5,7ca279e33aebb60168d35e6be4ed059f4a68f2c1,sphinx-doc/sphinx,completed,2025-01-14 01:37:34.747006+00:00,5.119
64abb07d-a172-40ba-9b0c-7f1873dd3ab1,ad6473f2-7ce7-42cd-b498-adddaab7e04c,d16bfe05a744909de4b27f5875fe0d4ed41ce607,astropy/astropy,completed,2025-01-13 17:32:39.202599+00:00,20.187
e04b5ee9-c5fe-4ff3-9bee-c8ad24475dfc,68d1c484-0188-4f9b-821a-dce64c61bb5c,a0df2cbb10419037d11d04352b3175405ab52941,psf/requests,completed,2025-01-14 01:21:48.307903+00:00,1.225
e198fb14-8a7b-44c2-9de4-0d2046c67bed,0263a169-d383-4646-90f8-e146554d0aab,6995257cf470d2143ad1683824962de4071c0eb7,pytest-dev/pytest,completed,2025-01-13 18:15:30.356118+00:00,3.43
6cab894f-40d4-4f14-93db-4fccdec8bf3e,4d90b200-dc32-4c88-85a6-3f4cd3a5f3c0,f6a781f77f5ddf1204c60ca7c544809407d4a807,matplotlib/matplotlib,completed,2025-01-14 01:11:31.686180+00:00,11.284
e2d88a5b-94dc-4e5b-8960-518434049b23,daa20bc6-785c-4b3b-bc10-14e914d47c49,182ce3dd15dfa3537391c3efaf9c3ff407d134d4,pallets/flask,completed,2025-01-14 01:18:46.574260+00:00,0.79
a0420f50-8190-4526-854d-716b388c90d8,9303c657-61c6-45db-bf66-5fb380f0bced,b90661d6a46aa3619d3eec94d5281f5888add501,scikit-learn/scikit-learn,completed,2025-01-13 18:20:45.274896+00:00,7.207
856fcc31-9740-4cbd-9fb6-11b959a77022,65da73fa-dd63-4277-9130-68691e3a48d4,863e49066ca4d61c9adfe62aca3bf21b90e1af8c,pydata/xarray,completed,2025-01-13 18:05:19.203672+00:00,2.656
ece6a5ee-0b47-4d4a-8e9a-77b08f5ddd9d,169657cd-6066-4ad9-a611-79ac0a65ec8e,d5bd3f68bb6d5ce3a61bdce9883ee750d1afade5,astropy/astropy,completed,2025-01-13 21:50:16.297618+00:00,19.462
f2ac832e-9009-431f-94a7-51b924a85454,500640bc-7a36-4ded-931a-623e2a1220c8,e2ee3144ed6e241dea8d96215fcdca18b3892551,pytest-dev/pytest,completed,2025-01-14 01:31:07.816231+00:00,3.199
1bee46d3-e822-4de9-961e-ad7726a369d7,c7aedc57-9bdd-4bc5-97e3-9a0ec779dc8a,4a72da71001f154ea60906a2f74898d32b7322a7,django/django,completed,2025-01-14 01:07:59.784408+00:00,10.09
89812d05-2e21-4aaf-b265-14dabc5ee111,4cfa998e-ae37-4188-b860-a5a763fcc726,182cc539b8154c0710fcea7e522267e42eba8899,pylint-dev/pylint,completed,2025-01-13 18:10:24.608224+00:00,1.713
b7124c99-5d7e-4d28-a1d3-e8792bf4a7e7,8ac08d69-d1fc-48b8-8f02-d54c0346e555,110048f9837f8441ea536804115e80b69f400277,psf/requests,completed,2025-01-13 18:00:11.451864+00:00,0.833
86a21aa2-04e3-4def-a755-db31114c930d,415a04fc-e4af-41d6-aaf5-4c6ce115ca81,2c867b8f822eb7a684f0d5c4359e4426e1c9cfe0,scikit-learn/scikit-learn,completed,2025-01-14 01:34:22.545952+00:00,9.677
03a0959b-a463-471f-8cd3-a41c083bc7c2,b1d4ffbe-3e75-401a-8bd0-8755a71f17f2,7c4e2ac83f7b4306296ff9b7b51aaf016e5ad614,pydata/xarray,completed,2025-02-25 14:25:53.247142+00:00,2.095
a1a3300b-c4a7-4bae-b811-48e39588cff7,8073529b-e24a-487c-a234-19ef0d81bb42,e90702074e68e20dc8e5df5013ee3ecf22139c3e,pylint-dev/pylint,completed,2025-02-10 23:07:03.786421+00:00,2.404
7d31d38a-a0c3-4bd2-acc6-462c54f3537e,bb196fa4-f551-4752-8680-ca7ab2411639,1ba83c47ce7b177efe90d5f51f7760680f72eda0,psf/requests,completed,2025-02-25 15:11:33.975675+00:00,0.803
01906913-fcbd-45f9-b565-946bb76879e4,e2b26edf-bc8f-4ad4-abd0-aa912e95b886,515286e02be3e4c0ff2ef4addb34a53c4a676ee4,mwaskom/seaborn,completed,2025-01-14 03:21:43.951196+00:00,1.818
031acb38-7253-40c8-8f5c-c0b811e07188,43b7ba40-1d53-4f28-861a-48546b30970b,f050a7775dfc9000f55d023d36d925a8d02ccfa8,sphinx-doc/sphinx,completed,2025-02-26 15:55:21.296859+00:00,4.329
4906a62d-e988-4511-819d-c22a9b17f9b6,4f1d176a-fd25-4b5d-8f37-8e60edf65d7b,e56905889c836c736152b11a7e6117a229715975,pydata/xarray,completed,2025-02-10 22:43:28.126104+00:00,2.239
59f512c6-0315-4a30-b2e3-8b89e6496cf5,20d85d28-8590-4765-ab1c-d9c78968761f,d3b4158dea271485e3daa11bf82e69b8dab348ce,sympy/sympy,completed,2025-01-14 01:40:59.413073+00:00,16.857
063ddf47-64c0-41c8-af79-78508531eaca,504e6886-fc01-417a-8c15-d89b5be55bf8,f68e4b1a29fc33542f74cde10ec6d9fb045ca37e,iamkun/dayjs,completed,2025-07-01 17:23:24.646675+00:00,0.775
ac4c080d-59c6-460d-af2e-77fa26064ac5,a231a631-9653-4f65-8b2b-de92e8798c9c,99589b08de8c5a2c6cc61e13a37420a868c80599,pylint-dev/pylint,completed,2025-02-25 14:27:57.849338+00:00,1.413
290177b4-b329-465d-8531-241a96e10691,1cec3bf9-bebe-44c4-84d7-06a23196e14c,6ed769d58d89380ebaa1ef52b300691eefda8928,astropy/astropy,completed,2025-02-25 15:04:39.115196+00:00,20.272
b0de35bf-e998-4e2d-884f-e0ec15bffbe4,68722d8f-669a-4101-8dde-75d3ea10773e,4c288bc97ea371817199908d0d9b12de9dae327e,pallets/flask,completed,2025-01-23 18:19:05.473280+00:00,0.792
e5c68149-327d-4ab8-acfb-2ade31f3cb67,70b8c0c6-7823-4373-a5b1-d056c2eaf0fc,fe693c492242ae532211e0c173324f09ca8cf227,psf/requests,completed,2025-01-23 18:21:07.289747+00:00,0.861
cad71765-9b2b-4e99-a11a-f88d51be1503,f2314cfd-5000-4378-aac0-fd61607a374a,0a4204fd7555cfedd43f43017c94d24ef48244a5,pylint-dev/pylint,completed,2025-01-23 18:25:20.976083+00:00,1.882
338b4d06-af2b-422f-990b-5de21fbee48a,be985c03-1712-42b7-8a95-95af44ddc711,bceadd2788dc2dad53eba0caae172bd8522fd483,django/django,completed,2025-01-23 18:11:37.819582+00:00,8.725
99060dd8-a156-49d9-bef6-b12cc8d89696,b515caef-62d0-483b-a23f-46d394f76b1b,f670fe78795b18eb1118707721852209cd77ad51,matplotlib/matplotlib,completed,2025-01-23 18:14:39.271455+00:00,10.989
b6576275-20ee-4636-8be0-777069ece2c5,560cff9b-7de5-4edf-ad8a-77e6a896065f,a5917978be39d13cd90b517e1de4e7a539ffaa48,astropy/astropy,completed,2025-01-23 18:59:32.284854+00:00,21.157
669d7ccf-b7e2-45f0-83cc-67876093cff7,16e3e0c4-9e29-4e1b-b9ef-cbbe96a162a2,0f5a013e2cf43562deec3b879458e59a73853813,mwaskom/seaborn,completed,2025-01-23 18:17:02.493701+00:00,1.674
3c035153-2a68-4cf0-a8e0-a5bc2b67afd5,e440de69-6cd5-462c-a1e8-ba40a2ce517a,8dcb12a6cf500e8738d6729ab954a261758f49ca,sympy/sympy,completed,2025-01-13 18:31:18.467855+00:00,10.871
c43d53eb-395d-43e3-8409-ba16c54d37c7,09cca07f-54c1-4d73-a026-8067cd6b831e,1e271b98cf81030f2619c78c43abd3a1f4e15a88,JudiniLabs/beluga-builder,completed,2025-01-23 20:28:24.282465+00:00,0.066
078682f0-ad98-45cd-a7bd-4432090a6db7,8e5711e1-4c2f-4335-8dcb-b0e75f52a08b,a64cf2d5476e7bbda099b34c40b7be1880dbd39a,pydata/xarray,completed,2025-01-23 21:28:37.625285+00:00,1.949
668e7ae2-734e-463a-92f5-7769817e3d0b,5e17857e-8e94-4fbf-b50e-4603f1ee99c7,c753b77ac49e72ebc0fe5e3c2369fe628f975017,scikit-learn/scikit-learn,completed,2025-01-23 21:33:43.947361+00:00,7.098
1877faa9-5742-4842-85d8-8e97514d8161,bf77e0b1-6154-48d0-9dac-c0f80f32db97,aa55975c7d3f6c9f6d7f68accc41bb7cadf0eb9a,pytest-dev/pytest,completed,2025-02-25 14:30:02.587762+00:00,3.209
63578b0d-f87e-48a3-823d-777704cd813d,af694375-8f03-4445-a1b2-04799d6947d1,195e911f1dab04b8ddeacbe04b7d214aaf81bb0b,sphinx-doc/sphinx,completed,2025-01-23 21:35:54.646109+00:00,4.287
f72a17f2-f91a-46f3-9ab4-91f02e66d763,b2babed7-8527-4499-8309-d68e8edf43bf,2f7415cfbc4b6ca62f9013f1abd27136f46b9653,pytest-dev/pytest,completed,2025-01-23 21:30:43.316368+00:00,3.427
48359b54-83b9-43a4-9c97-3df8bb5c6063,5ac1c36b-4ad8-4bb3-a1ee-f7950dd30022,49d10193f1334736650395a3de6da4a02b5f8f74,JudiniLabs/codebase-index-ts,completed,2025-02-19 16:45:35.165862+00:00,0.361
98386aed-f9f9-4183-9309-60744aa50c11,74b40a9e-cde0-4ff4-98d8-c066e2643143,091991be0da19de9108dbe5e3752917fea3d7fdc,psf/requests,completed,2025-01-23 22:36:50.501999+00:00,0.876
51d0a50a-e3db-4c3a-8981-49c24204b3c4,34480cbe-f740-427f-a486-56c86fb9d02e,4a9e54962a29c12a8b103d75f838e0e795a6974d,mwaskom/seaborn,completed,2025-01-23 22:34:27.563030+00:00,1.782
73bf26b3-eac2-48a8-9768-6676c6cc90b5,378fdf17-e072-4651-9bcd-af387b55d8ce,10ca84ffc56c2dd2d9dc4bd71b7b898e083500cd,pytest-dev/pytest,completed,2025-01-23 22:44:01.549570+00:00,2.484
8f4028e3-d2ad-451d-b7be-c31205f1508a,25a137f4-f336-47c6-9ccf-d90060638e44,98dc1f4ea18738492e074e9e51ddfed5cd30ab94,pydata/xarray,completed,2025-01-23 22:41:25.409753+00:00,1.975
2f3f70ac-f66c-4714-b835-eb031d8e32aa,f413e60a-a8b8-4888-b653-2b08165ed841,7269fa3e33e8d02485a647da91a5a2a60a06af61,astropy/astropy,completed,2025-01-23 22:26:22.844268+00:00,15.87
ffdffeb6-4910-452b-b1e7-1ccf548a8c80,eca1ba89-13c3-443a-8400-8142d36f8172,3c5eca2ded3dd2b59ebaf23eb289453b5d2930f0,pylint-dev/pylint,completed,2025-01-23 22:41:56.359313+00:00,2.329
908581b2-e64e-4597-a471-a5bb2326d67d,af4244bd-2886-4f9a-93a9-849a9d8fd7c7,3b5abf76597ce6aff76192869f92647c1b5259e7,scikit-learn/scikit-learn,completed,2025-01-23 22:47:55.726387+00:00,7.14
4e1d8f4b-ccb9-4282-8279-75ecdca89284,b9836da0-7257-4262-9f63-21f73858ee1e,71db08c05197545944949d5aa76cd340e7143627,sphinx-doc/sphinx,completed,2025-01-23 22:53:10.728516+00:00,3.735
bf962e1a-d2ea-460b-acfe-61e1b75a702c,08a4779d-ba94-4ad7-a1d0-377eb5cf77eb,5c2e1f96a7ff562d4a778f4ca9ffc9c81557197e,sympy/sympy,completed,2025-01-23 22:52:23.268461+00:00,18.003
de721370-f59f-4889-bd98-5c7be92bb68b,fe8962e2-474b-45c0-ad35-9a38bdaf69e8,a5f53e203c52a7605d5db799864046471115d04f,pydata/xarray,completed,2025-01-24 16:26:09.529915+00:00,2.083
3231ba0d-d517-4a34-81d6-c5a1d2c9c0e0,957768e1-df60-4412-9cdd-d709973a72cd,0be38a0c37c59c4b66ce908731da15b401655113,psf/requests,completed,2025-01-24 16:24:03.223043+00:00,0.927
d7642cfa-3a22-4a70-80a7-dce1118f481a,b87f5d5d-7150-4809-b4b4-675e4b601cda,ef082ebb84f00e38af4e8880d04e8365c2766d34,django/django,completed,2025-01-24 16:18:49.761659+00:00,8.725
644e8b57-871f-4b53-98fd-97c5ec2693fd,be96c06b-308b-4834-bcc0-854043a43b43,397c1703e8ae6349d33f7b99f45b2ccaf581e666,pylint-dev/pylint,completed,2025-01-24 16:28:16.494478+00:00,2.357
5157a590-3145-43ae-bdd5-70b2b285cc22,9e0dec86-a4fa-4f4e-88a4-1949b6eb9309,4a2fdce62b73944030cff9b3e52862868ca9584d,pytest-dev/pytest,completed,2025-01-24 16:30:21.719635+00:00,2.467
565ca8dc-b3b0-4dad-afc5-40c05e28f2c2,a24b37a7-2a5b-4b16-973e-fc8bcccf516a,96a02f3934952d486589dddd3f00b40d5a5ab5f2,scikit-learn/scikit-learn,completed,2025-01-24 16:33:42.034101+00:00,7.277
4b354efb-6c60-4345-86f7-65b9915b7cda,e739534c-1df3-4584-8b99-b7e4b4eadc7d,752d3285d250bbaf673cff25e83f03f247502021,sphinx-doc/sphinx,completed,2025-01-24 16:38:36.060043+00:00,4.888
9aeacba6-18b6-4d18-8c7d-ea0786125e05,98523957-5436-4df2-8cf7-2125059e340b,e2918c1205c47345eb73c9be68b14c0f15fdeb17,sympy/sympy,completed,2025-01-24 16:47:40.575114+00:00,11.089
96c93eb7-fe87-4f76-aec4-c422a6c4769c,b9c6066b-7739-4751-afb0-7661e1dfe388,b16c7d12ccbc7b2d20364b89fb44285bcbfede54,astropy/astropy,completed,2025-01-24 16:16:26.544889+00:00,15.745
18846f73-caf2-452c-865e-91e7b2dfe760,e3354b9d-c705-4d71-9416-7a2f3691b1b1,31eba1a76dd485dc633cae48227b46879eda5df4,sphinx-doc/sphinx,completed,2025-02-25 14:34:33.489620+00:00,4.294
ad256840-eca0-4c62-9ac0-62158a2f4ee0,e1cc217e-861c-4c69-8ea2-edd2922d794b,97523985b39ecde369d83352d7c3baf403b60a22,scikit-learn/scikit-learn,completed,2025-02-25 14:32:19.290109+00:00,7.245
9e9f8e05-c51a-4af4-a154-d51f9807a594,e14adf3c-4c5c-43db-845d-debf521ed340,ee32bfc1c263900d5c31cf8a8c5429048719e42a,nlohmann/json,completed,2025-07-01 17:21:05.231507+00:00,5.895
4ac16103-cd05-4cf4-9729-bebb07ad7f95,5382e3a1-aa4f-4099-85e4-b06c11ffe62e,84322a29ce9b0940335f8ab3d60e55192bef1e50,django/django,completed,2025-02-25 14:41:31.962381+00:00,8.893
dcf4caf4-26e1-4a40-b285-e8b956484509,7010ff5c-8c49-48b9-8692-d215f5986d50,b750a0e6ee76fb6b8a099a4d16ec51977be46bf6,astropy/astropy,completed,2025-02-25 14:39:11.009326+00:00,20.41
86e25bd3-9009-44c2-a617-c00cf2286206,aeec04e2-ec1a-43d4-86ae-2694d3634786,193e3825645d93c73e31cdceb6d742cc6919624d,sympy/sympy,completed,2025-02-26 19:14:29.090267+00:00,16.573
a3072e3b-3fd7-4678-b8d8-7c58b68f322b,9223d5eb-3cab-4ee1-8288-9a2d2fe5c10a,7fd2483bfee4720a31bce6f413fbb59a0ff7fdee,Vokturz/fast-embeddings-api,completed,2025-01-30 19:00:28.667198+00:00,0.009
6562e69e-7203-44d1-af50-a0287fcdd79a,f371a101-a3a7-4310-8c5e-987a8ad1e2f7,a787eb511f45159c8869d30e5a6ba1f91cb67709,darkreader/darkreader,completed,2025-07-01 17:25:26.838087+00:00,0.825
f37f6f47-1baa-407f-a52e-d1c350d33f07,46b63044-8908-429a-bf1d-7dc1a4d9bb01,51d37d1be95547059251076b3fadaa317750aab3,pydata/xarray,completed,2025-02-26 15:46:43.673926+00:00,3.064
862b237d-1ac9-40c5-937b-9b03e85613dd,1e77a093-88ff-4008-ba07-5b73708a32fa,6500928dc0e57be8f06d1162eacc3ba5e2eff692,astropy/astropy,completed,2025-02-26 12:55:28.955356+00:00,20.298
184a7c20-bed4-472f-a3ca-effe4e5103a7,026c7f23-e275-4823-814f-e55b76278691,c76af9ed6bb89bfba45b9f5bc1e635188278e2fa,astropy/astropy,completed,2025-02-07 14:12:44.068782+00:00,19.114
7b9d7def-4a78-4e0d-9ff2-c620dabd2537,d2ee07a3-f8c5-4fb0-992c-92efae11cd14,2aee6ccd7c7e1f8d282c1e7579f4ee546b838542,matplotlib/matplotlib,completed,2025-02-26 13:25:29.215556+00:00,11.373
65cc5a5e-1932-4297-9a26-4811fc46918b,219e26c1-745c-492b-b02f-468071e5618d,a36caf5c74fe654cedc488e8a8a05fad388f8406,sympy/sympy,completed,2025-02-26 13:49:26.139592+00:00,16.635
f1ddaf2a-2049-4dbc-87bc-f26a2d0c3103,0672b6cb-d10c-4164-8c75-224cdba2a9e4,0df94ff7097961e92fd7812036a24b145bc13ca8,astropy/astropy,completed,2025-02-26 18:30:26.817718+00:00,20.313
1d06bb43-db55-442b-8e86-195edece777b,762d5be3-7af9-42d7-a45c-103148ace2fc,81a4fd973d4cfcb25d01a7b0be62cdb28f82406d,sphinx-doc/sphinx,completed,2025-02-26 13:40:21.106806+00:00,4.329
8664b212-0978-415e-b364-1c00c6569b12,4db53aea-7068-4550-aecc-ee10d8571848,0192aac24123735b3eaf9b08df46429bb770c283,psf/requests,completed,2025-02-26 13:27:31.213150+00:00,0.304
e174aad1-9785-45cd-bfc8-b14589fdcb7b,1859aa93-bc44-4e2f-a0f9-e7014b0e377f,f8fab6f90233c7114d642dfe01a4e6d4cb14ee7d,django/django,completed,2025-02-26 13:23:01.096438+00:00,8.562
4f758716-6244-427d-9c8d-19b7a1ababc2,7654834a-280d-42c2-9058-8f0e87850837,1f8c4d9eb185c16a2c1d881c054f015e1c2eb334,pylint-dev/pylint,completed,2025-02-26 13:31:42.698303+00:00,2.509
5751e4c1-1440-45eb-be67-ce089b34d5da,43875d0e-4fd1-4d3f-a5e9-2d1b032536f5,3c88e520da24ae6f736929a750876e7654accc3d,psf/requests,completed,2025-02-26 15:21:10.641039+00:00,0.832
48710419-1d17-444f-b1a1-b79a05a87473,e41ee8c7-decd-4bfd-b328-49228c4df1ab,b1cb676cf92dd1a48365b731979833375b188bf2,sympy/sympy,completed,2025-02-26 15:57:44.614045+00:00,16.586
f7fd65b6-2303-4bde-921d-21f514dff506,99c13233-127a-41eb-914d-59f4ea5227ca,41fef6f1352be994cd90056d47440fe9aa4c068f,pydata/xarray,completed,2025-02-26 13:29:36.752861+00:00,3.103
4709bebe-bd02-484d-88ba-8e755e8e9a74,1cb29f3d-01f6-4d61-8045-8b92eeb1e03a,19cc80471739bcb67b7e8099246b391c355023ee,astropy/astropy,completed,2025-02-26 15:13:56.447447+00:00,20.296
36493ebc-82b4-4104-bd22-068e05dd9081,4e52bec3-c125-4b7a-bbce-0860b96c28ca,93e892bb645b16ebaf287beb5fe7f3ffe8d10408,django/django,completed,2025-02-12 22:12:43.772117+00:00,8.696
527b3d82-79f0-4f25-b632-b6fee736f999,1a445287-96f6-43e9-ad10-a39e1ef0c049,36453b95b13079296776d11b09cab2567ea3e703,psf/requests,completed,2025-02-12 21:23:13.257550+00:00,0.932
60c32ace-3f32-4912-b73a-781c7a3eeb45,9054019c-3393-443d-a5fb-7e5442afa5fb,4143356c3c51831300789e4fdf795d83716dbab6,scikit-learn/scikit-learn,completed,2025-02-12 21:33:28.293320+00:00,7.339
73a896af-8f18-4209-8984-ab536f12f90d,07f02532-7447-4791-9ba2-ace8f5d2bc45,2051e30b9b596e944524ccb787ed20f9f5be93e3,pytest-dev/pytest,completed,2025-02-12 21:36:53.963170+00:00,2.467
1c2aff50-d689-4bf2-8a03-9085559bcbcd,3fbf2e88-0554-4fba-a790-ebfa15337e25,c087d717f6ed183dd422359bf91210dc59689d63,sphinx-doc/sphinx,completed,2025-02-12 21:36:55.375991+00:00,4.899
bdcd6dfb-959d-473a-9137-9b7ebee18614,b17c9bed-4eff-457b-afb8-d93b72b0cc8a,d597f252915ddcaaa15ccdfcb35670152cb83587,pylint-dev/pylint,completed,2025-02-12 21:36:55.577706+00:00,2.357
f8cfc176-41e9-451b-b5ba-ad5b4dec3608,4349d2c6-6d70-443f-b782-176f84500c56,ca6ef27272be31c9dc3753ede9232c39df9a75d8,sympy/sympy,completed,2025-02-12 21:44:09.097577+00:00,11.152
8f3f7ef1-b293-4233-a4e6-3402bfa1c759,808e8718-8c16-4680-b5d6-5e0b0f9c8569,3eadeacc06c9f2ddcdac6ae39819faa9fbee9e39,matplotlib/matplotlib,completed,2025-02-12 23:01:03.094344+00:00,10.958
aef47cff-4b18-4c2e-bcdb-ed3c0b2b5168,7d409eb6-1f57-4d34-a3bf-18b3f441d335,82ef497a8c88f0f6e50d84520e7276bfbf65025d,sphinx-doc/sphinx,completed,2025-02-13 04:41:16.519224+00:00,5.077
0400a1c9-2884-4812-90ac-2ca11497b3c2,cd9f9e46-1145-43ca-89c7-7758e032699e,00afcc0c6d4d2e4390338127f05b8f4fdb4e7087,matplotlib/matplotlib,completed,2025-02-13 04:32:51.907009+00:00,11.391
61ca3e02-b9da-4355-b49b-b43037b17f7a,f761a433-f97e-44d9-aa74-e74e9c602830,450d2646233c670654744d3d24330b69895bb9d2,pytest-dev/pytest,completed,2025-02-12 23:03:07.603968+00:00,2.461
96eb4b7a-77b0-4f11-aa1a-c4bf8fdddc3e,10ec2b30-da85-4998-83fa-d6ac43a3d9ea,4ec6cbe341fd84468c448e20082c778043bbea4b,sphinx-doc/sphinx,completed,2025-02-12 23:09:21.871866+00:00,4.974
15386855-854a-44fe-95f9-2a39ddf5c5f3,8ae5cc35-f523-4b1c-bb8e-88becfe58718,02dc9ed680e7f53f1b0d410dcdd37341c7958eb1,scikit-learn/scikit-learn,completed,2025-02-12 23:07:22.664712+00:00,7.608
e1376875-61e8-4f7a-bfc9-59e8c01bb10d,b9acabaf-8afe-41ab-81c8-0838b00af947,d60497958f6dea7f5e25bc41e9107a6a63694d01,sympy/sympy,completed,2025-02-12 23:11:44.240613+00:00,11.154
9805b6d4-76da-4e32-b2af-7f45620a1787,eb8d5a3f-0719-4380-a164-66dd625bc772,69356d20cfee9a81972dcbf93d8caf9eabe113e8,pytest-dev/pytest,completed,2025-02-13 04:42:33.029729+00:00,3.142
261ccf3c-f672-4d95-a702-e693f55a6e84,f92db3f5-948e-4a17-8188-07b75f7486bc,d0ab2ff030edfecf74373de8ca16e9d09a273afa,anuraghazra/github-readme-stats,completed,2025-07-01 17:24:42.805108+00:00,0.387
d5837002-2c91-409c-a6c6-9ec1e24f008d,da2d5430-d98c-4677-aacc-c440ffbcd5a8,1aefb24b37c30fba8fd79a744829ca16e252f340,pytest-dev/pytest,completed,2025-02-13 00:40:41.150006+00:00,2.472
ef459202-23eb-47a7-81b2-f7b202bd1333,43d03221-3abe-4449-946a-655beb1e0877,17455e924e243e7a55e8a38f45966d8cbb27c273,django/django,completed,2025-02-13 00:45:28.396419+00:00,8.697
682f18f6-ab19-44f7-84f5-defc2f209fa1,dc82ef3a-1e88-4826-aa4b-fcd26f9cd6b0,97fc1154992f64cfb2f86321155a7404efeb2d8a,matplotlib/matplotlib,completed,2025-02-13 00:43:02.807356+00:00,10.953
9404a4a2-cbc0-4d64-8781-70396a79e557,955ff4a1-ac4b-473c-82b6-821fd679bddb,479939f8c65c8c2908bbedc959549a257a7c0b0b,sympy/sympy,completed,2025-02-13 00:32:24.559383+00:00,11.178
f89b4c9f-6a9c-46df-8c63-2ea417a0c56a,3f33e5c9-b59f-499c-9da6-715c5fd02a30,1c8668b0a021832386470ddf740d834e02c66f69,scikit-learn/scikit-learn,completed,2025-02-13 00:47:10.013601+00:00,7.656
ed740f16-df60-46fb-82a2-ed7296353587,39ab68ea-bcee-4ce0-be25-561b791f71b1,d5276398046ce4a102776a1e67dcac2884d80dfe,django/django,completed,2025-02-12 22:58:35.057641+00:00,8.698
aca41c19-737a-474b-acf4-1762b37710b9,abc62ebd-535a-4f39-be0a-0e427b2dbd83,29e336bd9bf87eaef8e2683196ee1975f1ad4088,pytest-dev/pytest,completed,2025-02-13 04:19:26.300911+00:00,2.508
5f5a7fcd-330e-421b-86cd-21df12f11049,519efcd2-c1cb-4f83-8e84-f12c79bfe348,88b81a06eb635a1596617f8971fa97a84c069e93,sphinx-doc/sphinx,completed,2025-02-13 00:34:34.892697+00:00,5.011
deda2677-3012-400a-b364-433f7563d80a,1058f34a-e08c-4934-9af4-5d7e4efb95a1,f8b108d0c6f2f82b2dc4e32a6793f9d9ac9cf2f4,scikit-learn/scikit-learn,completed,2025-02-13 04:25:17.413694+00:00,7.315
6fdba0e0-d364-413e-81f1-17516713be2b,dc3169a8-e6c8-442c-918c-a1282ab15326,c33557d120eefe3148ebfcf2e758ff2357966000,matplotlib/matplotlib,completed,2025-02-12 21:20:31.009230+00:00,11.0
49f373f7-b790-473a-b7f6-dda9f511190c,b5090479-e4c7-497d-843d-c1907f8b39cc,d3fcdb72bfcbb560eb45264ac1c03f359436edef,sympy/sympy,completed,2025-02-13 04:28:03.002932+00:00,11.181
cb630dee-552a-4ff8-a6f1-262a8581ea3f,df72323d-c8be-4781-b94f-94e783b0264f,d26b2424437dabeeca94d7900b37d2df4410da0c,django/django,completed,2025-02-13 05:46:46.712256+00:00,8.711
3ba2e4c1-5e9e-44f8-aaf0-e6df77c4f200,5bdb1561-728b-407c-84e9-5f9d816ce240,a62775e99f2a5ea3d51db7160fad783f6cd8a4c5,scikit-learn/scikit-learn,completed,2025-02-13 05:56:43.839636+00:00,7.446
e6abd31a-0fa4-42c4-a4f5-d51f0a3cb414,29ec3dcc-8e8f-4af5-849a-3c2a091e29e2,e670ff76cbad80108bde9bab616b66771b8653cf,pytest-dev/pytest,completed,2025-02-13 06:01:59.119555+00:00,2.621
f2838842-d5c5-4d60-a4a8-597a7bcfd067,350f7667-5480-4b0a-b115-9513fe6b33f8,33a0599711d26dc2b79f851c6daed4947df7c167,matplotlib/matplotlib,completed,2025-02-13 05:50:25.431323+00:00,10.972
8aebcdc3-dbeb-4210-b1e3-440d831cf475,2a2162e6-cafc-49b1-aac0-84a90c1aeb36,838e432e3e5519c5383d12018e6c78f8ec7833c1,django/django,completed,2025-02-26 15:16:23.836442+00:00,8.726
bc8432f7-93d7-40bb-9e97-f7481e322d43,cf87d417-bba3-472a-9485-0810bbfb0b2c,879cc3da6249e920b8d54518a0ae06de835d7373,django/django,completed,2025-02-13 13:55:49.609044+00:00,8.71
63b7af23-e364-4397-a3cc-29ca9c5b9ea8,075f772c-9ff3-4617-b342-76122d307db4,4787fd64a4ca0dba5528b5651bddd254102fe9f3,pytest-dev/pytest,completed,2025-02-13 14:00:26.149123+00:00,2.788
5220bc1b-9a2c-4ddd-9903-3697e0b4c13e,239dd74c-b7bc-451f-8ea5-24af022905c5,3aefc834dce72e850bff48689bea3c7dff5f3fad,scikit-learn/scikit-learn,completed,2025-02-13 14:04:59.657920+00:00,7.444
f2cf25df-04fd-4521-9f2d-1c98cd4fda70,d38463ca-c0d4-49ea-98b5-a79a11ad3b40,29a86636a9c45ab5ac4d80ac76eaee497f460dce,matplotlib/matplotlib,completed,2025-02-13 13:58:17.289068+00:00,10.993
fba8741d-0ab1-453f-81ef-4645e82b6165,a334069e-7923-4b78-b1cd-72db8a20118a,2c2335bbb8af99fa132e1573bbf45dc91584d5a2,sphinx-doc/sphinx,completed,2025-02-13 14:06:36.930108+00:00,5.018
50b0877a-0028-431c-91b0-79b1efd16d7f,8c3f6cb1-d5d8-4640-b927-38f67ed1ade0,c807dfe7569692cad24f02a08477b70c1679a4dd,sympy/sympy,completed,2025-02-13 14:08:59.720111+00:00,11.191
d74cb466-a559-428b-9ed9-5c849dfd15f4,2fee9ecd-8225-4588-b795-2f782de3b143,3ed7590ed411bd93b26098faab4f23619cdb2267,sphinx-doc/sphinx,completed,2025-02-13 14:22:10.040782+00:00,4.983
1b071a66-25f9-45af-8160-680c039721bf,7ce6f95d-1fce-4e34-bc50-75396bb21279,4964b468c83c06971eb743fbc57cc404f760c573,pytest-dev/pytest,completed,2025-02-13 14:15:55.445395+00:00,3.043
2f6cd9b4-42e9-478d-9e22-5a456d07d163,483ecc32-dac5-48c7-97af-ac7f88622c15,cd25abee0ad0ac95225d4a9be8948eff69f49690,scikit-learn/scikit-learn,completed,2025-02-13 14:21:20.381868+00:00,9.659
8d47745b-34d2-49b8-b67e-71408419fb38,0805d5bc-c73a-4205-b811-f8eb229da111,78bf53caacbb5ce0dc7aa73f07a74c99f1ed919b,matplotlib/matplotlib,completed,2025-02-13 14:13:48.667853+00:00,11.225
12ef0c6c-fece-4375-9616-8a8fdbbecd8d,326e66f8-2518-46fc-8b6d-7eea42d7019d,4142739af1cda53581af4169dbe16d6cd5e26948,django/django,completed,2025-02-13 14:11:26.740134+00:00,10.064
e690e7e0-22f4-42b4-9098-bee838b55bf0,b3d3c975-5179-45bf-8546-106802bec61a,b9af885473ad7e34b5b0826cb424dd26d8934670,sympy/sympy,completed,2025-02-13 14:24:32.801910+00:00,20.875
a0a70486-e16b-4afc-ade8-55298f361d1f,e0b1bc97-ea73-48b7-9a98-63e94c9a4ab6,19fc6376ce67d01ca37a91ef2f55ef769f50513a,django/django,completed,2025-02-13 18:33:20.960579+00:00,8.712
814c9f97-9766-4138-92c4-928c2bbd0d05,4cc497ee-e0d7-4760-9460-fa16b0ea00fd,149a0398b391cfc4eddb5e659f50b3c66f32ea65,matplotlib/matplotlib,completed,2025-02-13 18:35:42.942190+00:00,10.995
a207e6e8-3473-4837-8d50-a98c66504b75,c85a6fa8-3d51-4c7b-9167-50af8996db8d,56bf819c2f4eaf8b36bd8c42c06bb59d5a3bfc0f,pytest-dev/pytest,completed,2025-02-13 18:37:47.308132+00:00,2.837
f1d4f111-5818-470a-babc-d809a1352b7b,ed5b71cc-5ac9-4679-a6b1-b9062297a7f2,26f690961a52946dd2f53bf0fdd4264b2ae5be90,scikit-learn/scikit-learn,completed,2025-02-13 18:42:48.693241+00:00,7.446
d09bd444-df4f-499f-8c41-65849f743e1a,16e6a125-1731-46c2-a7f1-7c24f805eba8,7f7a36478abe7dd1fa993b115d22606aa0e35e88,pytest-dev/pytest,completed,2025-02-13 18:56:17.388353+00:00,2.967
725e8528-5db5-4e9d-9bbe-f03b4eb6b2a1,4bc7bbfe-6791-4fc5-94c0-24030e05dd40,2dfa7457f20ee187fbb09b5b6a1631da4458388c,sympy/sympy,completed,2025-02-13 18:46:23.950175+00:00,11.338
824590fb-c39b-4103-ad6b-daeb9be96d28,66b37d7c-16ea-4601-81f4-eb3737a84642,73394f2b11321e03a5df199ec0196f27a728b0b0,matplotlib/matplotlib,completed,2025-02-13 18:54:12.501571+00:00,11.202
e288f5b7-343b-41bb-9ad5-dcc1ce6e5635,31029984-7768-49c8-b128-a9b1508b395d,5d8d6275a54f2c5fb72b82383b5712c22d337634,sphinx-doc/sphinx,completed,2025-02-13 18:44:01.304091+00:00,5.032
b9b7d072-b5b6-4fa2-a280-2aecc8d6a749,af11c675-65b1-4c5c-ad0e-ebda60456e59,6e7dc8bac831cd8cf7a53b08efa366bd84f0c0fe,pytest-dev/pytest,completed,2025-02-26 13:37:35.092794+00:00,3.045
109bfe20-5e22-4d95-a3e2-4de6155ffbdb,cd829444-621f-4067-afb0-87dd38bc692e,3eacf948e0f95ef957862568d87ce082f378e186,scikit-learn/scikit-learn,completed,2025-02-26 13:38:00.378647+00:00,7.231
869c7aa9-865f-4e40-a7a6-c544304e290b,0b8bb812-1373-4b03-921a-5787d63e5e89,b7ce415c15eb39b026a097a2865da73fbcf15c9c,matplotlib/matplotlib,completed,2025-02-26 15:19:08.494766+00:00,10.714
8506121e-fc4d-425d-a93e-675a7edfb8f7,69b8feea-4ea9-4c58-9d7f-6514059a8ec5,6786f437df54ca7780a047203cbcfaa1db8dc542,matplotlib/matplotlib,completed,2025-02-27 13:50:46.327750+00:00,10.728
06206010-0e42-4849-9d2a-bb46aca50cae,4a4cfed2-96e3-4108-887f-467d24040a6e,cb828ebe70b4fa35cd5f9a7ee024272237eab351,pytest-dev/pytest,completed,2025-02-27 13:57:01.287483+00:00,2.497
781a60da-379d-4980-9d35-b69132b3756f,d61f9ca3-abe9-434c-89d1-3a3ac01e4fe1,dd69361a0d9c6ccde0d2353b00b86e0e7541a3e3,scikit-learn/scikit-learn,completed,2025-02-27 13:59:14.513508+00:00,7.257
4c2ab533-0db4-4467-91cf-32ad22ec3f10,84f79d25-0807-4d6d-8fac-1e3ae4260489,69c7e01e5167a3137c285cb50d1978252bb8bcbf,pydata/xarray,completed,2025-02-27 13:52:51.786003+00:00,3.099
1643ab34-f390-42e6-8203-2b21160499e7,03492ec2-c43d-480e-8f56-93ea9a073402,332d80ba8433aea41c3709fa52737ede4405072b,sphinx-doc/sphinx,completed,2025-02-13 19:00:46.169881+00:00,5.064
6b47508f-a22f-4c99-a095-6ccf32c447aa,ad4cfa6b-5338-4bcc-aeda-a446563561d7,08a4ee06510ae45562c228eefbdcaac84bd38c7a,django/django,completed,2025-02-14 04:49:09.060553+00:00,8.721
8b140010-f086-4d45-8989-d821e63a518a,61367509-e558-4302-a469-9388c158df67,3ea1ec84cc610f7a9f4f6b354e264565254923ff,sphinx-doc/sphinx,completed,2025-02-14 04:59:50.693207+00:00,5.038
357815a6-3480-4187-91db-38e40e197d31,d8201f66-f49f-4491-9980-e88c8b3acba8,5c4595267ccd3daf78f5fd05693b7ecbcd575c1e,matplotlib/matplotlib,completed,2025-02-14 04:51:30.796752+00:00,11.05
4bfdfaa2-0c4b-4caf-959e-8c590dbf8d16,b2a5652e-8544-4097-bb5f-dd27bc7ba224,7b77fc086aab8b3a8ebc890200371884555eea1e,pytest-dev/pytest,completed,2025-02-14 04:53:36.429828+00:00,2.961
d1518eb1-8153-47e3-acdf-d624775b2f65,fe9f7449-9609-4ee1-86f1-67c5e5341663,0e3c1879b06d839171b7d0a607d71bbb19a966a9,scikit-learn/scikit-learn,completed,2025-02-14 05:00:51.766118+00:00,7.438
f8b9644f-8cb4-4963-889f-244ff9e77d23,d7a4f26f-424b-42b2-9636-0b563b7c7da9,6adb209acd63825affc884abcd85381f148fb1b0,scikit-learn/scikit-learn,completed,2025-02-13 04:39:05.972763+00:00,9.668
899c0d04-9f5d-4043-a592-4da6d00d1de3,650184dc-3e27-4dff-9b2e-1eec71bbb866,a3389a25ec84d36f5cf04a4f2562d820f131db64,sympy/sympy,completed,2025-02-14 05:02:13.855794+00:00,11.407
278cd837-9a46-4406-b7d6-1808d366ea97,6b4e8b7a-9c23-414a-b661-796e7f1f8669,b7a17b0ea0a2061bae752a3a2292007d41825814,django/django,completed,2025-02-13 04:30:24.120287+00:00,10.087
88105c01-bee2-4706-9198-00872fb568eb,28cbe928-3219-49a0-b796-9ce5c9bddbee,4db04923a754b6a2defa1b172f55d492b85d165e,scikit-learn/scikit-learn,completed,2025-02-13 18:58:35.631502+00:00,9.657
c08af0cb-37bf-4369-9932-2af166c935ca,d9915b7b-5803-4816-9884-44f20b6cfa94,1757dffac2fa493d7b9a074b84cf8c830a706688,pydata/xarray,completed,2025-02-26 15:23:35.820701+00:00,3.063
90958e4c-fae8-40d8-bacc-bea71c3e2270,ea1e9183-f50f-4c0e-b71a-40cf76ab32ff,df46b329e0900e9e4dc1d60816c1dce6dfc1094e,django/django,completed,2025-02-14 05:39:32.784314+00:00,8.732
b88a1f69-0acb-4a72-908e-dcf71e3e7bed,1c9e2d46-8c88-4465-bc88-d359dd571092,fce90950bef348803fa7cc3e6bc65f4bce429b82,django/django,completed,2025-02-13 18:54:12.787205+00:00,10.058
a657820a-5121-4baa-9ab3-c3e0e243215d,70e483d5-e812-4c04-aa9b-81b2d9005c77,e6e300e729dd33956e5448d8be9a0b1540b4e53a,pytest-dev/pytest,completed,2025-02-14 05:43:10.494921+00:00,2.981
762f0b31-4003-4c79-97da-3fbed1afeb0d,71f1b2d6-95d9-4ee2-8298-b9dcc56a729f,b34751b7ed02b2cfcc36037fb729d4360480a299,scikit-learn/scikit-learn,completed,2025-02-14 05:43:44.440032+00:00,7.149
96b096f0-5b9f-419e-af65-aeef7dfe13c7,1fd4ed05-5a8e-4704-8fc6-9ff99de49b49,e4bd3bd3ddd42c6642ff779a4f7381f219655c2c,sphinx-doc/sphinx,completed,2025-02-14 05:44:18.221999+00:00,5.046
1454e283-bfb6-4a77-8c2d-9a7c57708945,3cee7058-bd44-47bc-a3bc-d20c3207727d,b19bce971e82f2497d67fdacdeca8db08ae0ba56,sphinx-doc/sphinx,completed,2025-02-14 05:51:02.232518+00:00,5.063
dc11bfec-d2c3-4f5a-8fd0-30258a821458,f1daf4a3-fb57-4723-9a3f-cc70db40301a,66ba515e671638971bd11a34cff12c107a437e0b,matplotlib/matplotlib,completed,2025-02-14 05:48:07.906195+00:00,11.216
16d0288d-7b72-4656-a27a-267f909061db,7e25390e-1c97-420a-bec1-0e5ca67355cd,430fb1db88843300fb4baae3edc499bbfe073b0c,matplotlib/matplotlib,completed,2025-02-14 15:33:04.897573+00:00,11.215
2e91c178-81f7-4af0-821b-7d6f88549ec4,758b19df-edf8-47bd-a3af-c4ab2d9a05cd,70b0ddea992c01df1a41588fa9e2d130fb6b13f8,scikit-learn/scikit-learn,completed,2025-02-14 06:04:35.999163+00:00,7.624
4e8c0bb1-196d-454e-90f2-09df8174d91f,7d9cc69a-3760-47fe-9320-7c90869ec017,7eafdd8af3c523c1c77b027d378fb337dd489f18,matplotlib/matplotlib,completed,2025-02-14 05:06:55.324335+00:00,11.202
712c3ea2-69b7-4c90-979e-8aee2f2ff5b1,53df28e2-cfb5-4384-a449-22b4a646a06a,b678d8103e48fdb1af335dbf0080b3d5366f2d17,sympy/sympy,completed,2025-02-14 05:45:00.667979+00:00,11.508
1a9ac03b-227a-4feb-9a5d-4682691da65e,933e48aa-7ce6-46ee-8e7d-c862cd71cffe,c61219a7ae051d2baab53f041e00592011fc550c,django/django,completed,2025-02-14 15:27:37.483394+00:00,10.036
f6107bef-61d5-4725-952a-fc029b93b59d,30447f7f-b67f-4e93-b7cc-e14eb01f3f33,a5743ed36fbd3fbc8e351bdab16561fbfca7dfa1,scikit-learn/scikit-learn,completed,2025-02-14 16:48:32.047790+00:00,7.066
8b4d9ef2-6f00-4ab1-a944-590c0db49f31,9aa84d56-11fe-4fbc-bdef-6f94fa51571c,580e644f24f1c5ae5b94784fb73a9953a178fd26,django/django,completed,2025-02-14 15:09:53.059112+00:00,8.89
68393944-b3c8-4e4a-bc46-2e5151ca7610,85aace7e-042b-45c1-946f-93819695f892,662cfb818e865f580e18b59efbb3540c34232beb,sympy/sympy,completed,2025-02-14 15:22:10.103827+00:00,11.526
411a5a40-8c39-4ec2-8ce3-dcd282553828,42091931-cdee-42e0-999e-7933827e0913,269c0b94b4fcf8b1135011c1556eac29dc09de15,matplotlib/matplotlib,completed,2025-02-14 15:21:18.388671+00:00,11.062
dd9d02db-a1bf-4fa6-a60a-4ba3d296e098,0376e1a7-74b4-445b-82a0-f055f1b3fa34,60dc957a825232fdda9138e2f8878b2ca407a7c9,django/django,completed,2025-02-14 16:43:18.210076+00:00,8.822
1b0067d2-fc03-4581-b8d6-1c6882ddcd22,2cb151ed-ec74-4b0a-bda1-cec83753664c,66f7956984cbfc3647e867c6e5fde889a89c64ef,matplotlib/matplotlib,completed,2025-02-14 18:29:09.129824+00:00,11.122
b7facb9e-d77b-4404-b69d-d8dd29195af8,ff660403-9df6-4f46-a85b-bbc90e7a11fe,b8a4da8baa1137f173e7035f104067c7d2ffde22,scikit-learn/scikit-learn,completed,2025-02-14 16:59:16.507679+00:00,7.613
b3e7cad7-e27c-46c8-8bc6-d141c29057bf,20588dca-b30e-4072-896f-232233fb8e37,191f6a9a4586b5e5f79f4f42f190e7ad4bbacc84,django/django,completed,2025-02-14 16:53:58.798114+00:00,10.036
e034953c-ee87-47c5-93bb-45cafa370c28,3234958e-d844-4909-911a-8fe3eaf7ae1b,e98d8d085e8f53ec0467422b326f7738a2dd695e,matplotlib/matplotlib,completed,2025-02-14 18:13:07.248162+00:00,11.061
7e90dbfd-9709-4ee5-ac6a-fe51663dd927,d23e2230-8556-4180-aa3c-4948d8259f6c,df7dd8391148a873d157328a4f0328528a0c4ed9,scikit-learn/scikit-learn,completed,2025-02-14 18:18:25.286143+00:00,7.069
df014fed-3922-4a78-8b08-113cb72c1690,4feb4ad9-e17a-48c1-b388-dd104c235660,514efa3129792ec2abb2444f3e7aeb3f21a38386,django/django,completed,2025-02-14 17:29:50.215187+00:00,8.839
22e4bdc1-bc49-481a-a406-2dea3c9f565d,5c3a86fd-63e9-4f44-a03d-f47c83f39774,674afc619d7f5c519b6a5393a8b0532a131e57e0,sympy/sympy,completed,2025-02-14 18:23:48.144330+00:00,18.01
e5e81ec1-1b07-4212-a763-d38dc2b70b38,10246ba4-b2e0-42d4-9693-a39b33bd3d08,06632c0d185128a53c57ccc73b25b6408e90bb89,scikit-learn/scikit-learn,completed,2025-02-14 18:34:26.590451+00:00,7.387
e7004ecc-fafc-4c92-8b58-7ac4d42447db,80cee41b-a2f5-4d60-b78a-e77c0348de5c,65e86948b80262574058a94ccaae3a9b59c3faea,django/django,completed,2025-02-14 18:51:45.744788+00:00,8.838
3ce949c5-7cfa-43ec-826e-0b090a375b9c,6742de72-55d6-4e46-b9a7-2e95fb4e6723,af39f1edffcd828f05cfdd04f2e59506bb4a27bc,matplotlib/matplotlib,completed,2025-02-14 18:55:13.335849+00:00,11.073
567ed1a4-2a43-4064-b925-a2527e7eb24f,94d5c71e-84c0-45c1-8905-9e76ba0bbba0,fdbaa58acbead5a254f2e6d597dc1ab3b947f4c6,scikit-learn/scikit-learn,completed,2025-02-14 18:58:26.933361+00:00,7.513
d01dc726-c990-4842-806b-99442e88b63e,71c30dc9-40ef-4293-a436-acbe7bcc6ae4,3546ac7ed78e1780c1a76929864bb33330055740,sympy/sympy,completed,2025-02-14 19:01:50.189192+00:00,18.034
63c43069-ed3d-440f-b91d-c41f355daf7d,adcea7c5-7c63-4fea-8519-621b36f38d7c,f9fe062de5fc0896d6bbbf3f260b5c44473b3c77,django/django,completed,2025-02-14 19:05:10.551123+00:00,9.891
efb826e7-474e-4490-b2e6-85c06aa08379,3bb8ab79-2b73-40b1-91ae-20259230f5f1,847735553aeda6e6633f2b32e14ba14ba86887a4,psf/requests,completed,2025-02-26 13:03:19.272169+00:00,0.808
12ad298c-9bff-40cd-8c49-bcb12eea85f1,b7059f3b-76a9-45fb-992a-187f7b24d59d,a3011dfd1aaa2487cce8aa7369475533133ef777,matplotlib/matplotlib,completed,2025-02-14 19:09:37.320675+00:00,11.158
cc6fbf49-5b70-4a60-9a7d-d861bcd3a7a3,d5fbb9ed-4f29-4f5b-be3a-8abd6d052604,fee75d2aed4e58ada6567c464cfd22e89dc65f4a,django/django,completed,2025-02-14 19:36:06.968206+00:00,8.878
65e24094-f5ef-4e17-9401-b1192cf13300,25918484-e06b-4167-934a-4b5776b78f75,f57fe3f4b3f2cab225749e1b3b38ae1bf80b62f0,sympy/sympy,completed,2025-02-14 19:42:50.985744+00:00,18.045
faf7b7e0-e7ad-4968-afce-637fabb83824,f3820529-1d19-44a1-8841-cb24985b47db,1e55ae64624d28c5fe8b63ad7979880ee2e6ef3f,pylint-dev/pylint,completed,2025-02-26 15:25:51.366958+00:00,1.416
43d80295-2f61-4765-8eb3-ffff70133920,030317b8-a951-4fda-846a-a8202a8302eb,3346b78a8a872286a245d1e77ef4718fc5e6be1a,django/django,completed,2025-02-14 20:03:01.501645+00:00,8.886
02134f0b-400e-42e5-9a54-c84f06dbd269,ce859c6b-10ed-47e9-b40d-9a540389a70d,5f7a3a74aab1625c2bb65f643197ee885e3da576,psf/requests,completed,2025-02-26 18:39:39.564783+00:00,0.961
2c9ea988-d3ff-4b9a-96e5-f1be77f08857,98c93105-163a-4f31-99d1-d6d3295b2b54,a85a0747c54bac75e9c3b2fe436b105ea029d6cf,astropy/astropy,completed,2025-02-26 18:55:09.629561+00:00,20.363
7c28581a-87df-4e8a-bb46-152b8750b7ee,365fbbc3-4db2-40e2-925d-f26f7b16b796,bd366ca2aeffa869b7dbc0b0aa01caea75e6dc31,django/django,completed,2025-02-14 20:18:00.747215+00:00,9.857
ae3e539f-0be3-4a77-a8ee-454f0d023157,bbd527e4-2c08-4535-ae26-27b8bbee1b1d,979f61abd322507aafced9627702362e541ec34e,django/django,completed,2025-02-14 20:14:31.176817+00:00,8.974
7f263879-9219-48ca-8227-c71ecb085306,bac15a44-b7f5-4dc6-82b1-e92035070c04,e02f67ef2d03d48128e7a118bf75f0418e24e8ac,django/django,completed,2025-02-14 20:32:13.570616+00:00,8.892
4912e394-5e85-47cb-aa48-0e47ab5c8e94,02ec3927-f2ae-40ad-973a-290e57225f43,e148998d9bed9d1b53a91587ad48f9bb43c7737f,matplotlib/matplotlib,completed,2025-02-14 20:03:38.005989+00:00,11.09
4ad6eb28-2a50-4344-8f70-62e9e2341a4c,e374727c-ce39-4aea-b2a1-4e68a8903442,332937997d03e0c173be6d9fc1841e9186e857df,matplotlib/matplotlib,completed,2025-02-14 20:32:56.182619+00:00,11.084
e02a5c2f-134a-4b7c-8942-2848fa13bca6,b20415c1-05fc-4047-ba64-c1a7e4e1047f,67e3c956083d0128a621f65ee86a7dacd4f9f19f,sympy/sympy,completed,2025-02-14 20:08:48.172965+00:00,18.114
79805cd6-a685-424f-819f-184ee2b57950,5c9fed0a-67de-4d8e-a2ed-f5cd306935c2,7121bdf1facdd90d05b6994b4c2e5b2865a4638a,sympy/sympy,completed,2025-02-14 20:43:10.775041+00:00,18.134
ab5f8d3a-dd74-45c3-a817-5df30b137071,24426040-a54a-4ada-9191-84d8a71be832,e8c22f6eac7314be8d92590bfff92ced79ee03e2,sympy/sympy,completed,2025-02-14 20:20:53.711405+00:00,20.903
f0429721-ad94-49a5-922d-81fa1c74715f,4be4bb10-fe02-4b5b-8519-d47fd87e6038,1d1619ef913b99b06647d2030bddff4800abdf63,pylint-dev/pylint,completed,2025-02-27 13:54:56.425786+00:00,1.453
4f6a330c-623b-4c30-9732-d4fa9db31942,dc2e76c9-d39f-4af5-b1c9-6b4adb9fced1,3c1534944cbd34e8a41bc9e76818018fadefc9a1,pytest-dev/pytest,completed,2025-02-26 15:27:57.123633+00:00,3.234
29a2eeef-2f5a-4e77-b198-643d7f547b53,15dd9ba0-04cf-45f9-9306-3a89edb29df1,118f4d996e7711c9aced916e6049af9f28d5ec66,pydata/xarray,completed,2025-02-26 18:41:30.095344+00:00,3.059
1baf1dd6-a677-4d60-8bf7-6156b159bb55,ac72c495-a398-4be1-96ca-f5a919cc1643,5250b2442501e6c671c6b380536f1edb352602d1,astropy/astropy,completed,2025-02-27 04:51:26.152165+00:00,21.155
575a683e-494f-4723-9b45-1851e0eb547f,77ef70cd-3183-4f38-b382-4f73521aad2b,5fb51fb1467dc5eea7505402c3c5d9b378d3b441,sphinx-doc/sphinx,completed,2025-02-26 19:12:12.068174+00:00,4.311
9e6cbb42-e98b-4a6d-aa27-48e8407b2e8f,82f02aa5-ff28-4515-938b-8873524a19fe,cab2d93076d0cca7c53fac885f927dde3e2a5fec,sphinx-doc/sphinx,completed,2025-02-26 18:50:31.575771+00:00,4.288
3b095299-38b5-4ccf-bdac-a55c8e4e32fb,dd1dd429-3175-40ff-bbcf-7444dcad7b06,553b5fb8f84ba05c8397f26dd079deece2b05029,scikit-learn/scikit-learn,completed,2025-02-26 15:30:13.447633+00:00,7.342
d883abcc-11ab-4c58-ac53-13262aa5ff0d,c9dc4a1f-127c-43f2-af02-0bf737f99945,58e6a09db49f34886ff13f3b7520dd0bcd7063cd,pytest-dev/pytest,completed,2025-02-26 18:45:43.481040+00:00,2.479
c02d25ae-af2d-482a-bcbb-e741ec8c7bf5,73c20540-864a-49a3-b813-d2cda4c74b60,c861199a43558f5e7aacff93368dc2c74708d0f4,JudiniLabs/swe-benchmark,completed,2025-02-17 14:54:21.320100+00:00,0.592
06660ae9-67e0-46ad-b74d-3a04f3634574,2dc59a34-f8c6-45c4-8d03-382249c8adfe,ca80f03a43bc39e4cc2c67dc99817b3c9f13b8a6,pylint-dev/pylint,completed,2025-02-26 19:04:22.337412+00:00,2.295
be156e78-2942-4ff9-b907-d1c97da08d43,ed060412-ce91-4444-8c97-fda66d84d87f,58598660a3f6ab3d918781c4988c2e4b2bdd9297,sympy/sympy,completed,2025-02-17 20:35:40.249146+00:00,20.863
61f6d0b9-bb7a-4656-b482-2399e16d0839,4bbe5324-5416-4584-b439-76c3dcccb334,f0adf3b9b7a19cdee05368ff0c0c2d087f011180,django/django,completed,2025-02-17 20:33:40.766224+00:00,8.892
ec197540-ab5e-4a4f-b22b-f1982078cbf4,e01086eb-872c-4fcb-9801-228cda28ecea,ef85b6bf0bc5a8b194f0724cf5bbedbcee402b96,django/django,completed,2025-02-17 20:34:53.747974+00:00,9.85
f68173d6-a4c2-4d6c-b02c-ac7b6ecb1083,88d061a8-1e5b-406f-a18e-433a7d580020,4da0b64558e9551a11a99bccc63557ba34f50c58,sympy/sympy,completed,2025-02-17 20:34:18.565593+00:00,18.154
467d3726-4150-443c-9cf1-9e1c17465bb1,02b6eab7-985b-46b2-a631-4b13a89c18b4,0bd2c0c9015b53c41394a1c0989afbfd94dc2830,django/django,completed,2025-02-17 21:07:20.629258+00:00,9.866
f5fcd57b-9270-453a-b4a4-c7b01b513799,adfea841-b4e9-41f1-b09c-0c2975734e6c,fdc707f73a65a429935c01532cd3970d3355eab6,sympy/sympy,completed,2025-02-17 22:59:14.181735+00:00,20.615
fd333b25-d07b-4d53-bed4-ee37f604aa54,b6569c62-cb12-450c-9cd1-f104c77957ec,2f72480fbd27896c986c45193e1603e35c0b19a7,django/django,completed,2025-02-17 21:05:38.460524+00:00,8.906
7ee7321a-56c6-4150-8fa4-b9e19e53305b,c599e40a-2705-4dcd-87cf-0ad4d1c840aa,5c1644ff85e15752f9f8721bc142bfbf975e7805,sympy/sympy,completed,2025-02-17 21:06:15.282632+00:00,18.155
313db54d-91e1-41c9-92f4-fc2b6cc1bf96,cf492c9f-143b-4ced-bcd6-0870082f3c07,514579c655bf22e2af14f0743376ae1d7befe345,sympy/sympy,completed,2025-02-17 21:07:52.533754+00:00,20.859
15080db8-82e3-4325-853c-0709440eda62,b5103bcd-4221-4d22-bfe0-75b314c1d6ff,f39634ff229887bf7790c069d0c411b38494ca38,django/django,completed,2025-02-17 22:41:51.602149+00:00,9.197
904aa955-aef4-4a7b-b760-7a14a1b75c82,34e31c56-1ebb-43b4-961e-55e3c82723a0,d232fd76a85870daf345fd8f8d617fe7802ae194,django/django,completed,2025-02-17 22:33:07.427734+00:00,8.901
7fe99f19-0309-4f31-b252-dae6cf83357b,b5147614-13a9-4f33-9f4c-d9b6e8e85e7b,1923822ddf8265199dbd9ef9ce09641d3fd042b9,sympy/sympy,completed,2025-02-17 22:46:32.410950+00:00,18.606
85c13120-bde5-4be2-9685-e3658ffe94e8,d7ed804d-c1f1-4255-a2bd-6a1ef3569ce5,84c125972ad535b2dfb245f8d311d347b45e5b8a,sympy/sympy,completed,2025-02-17 22:35:24.024993+00:00,18.185
fc9211f3-f3c0-4781-93d5-e6391f655be1,51bbf9dd-0534-45c3-b704-9ae15344dffe,89d41cba392b759732ba9f1db4ff29ed47da6a56,django/django,completed,2025-02-17 22:53:46.109928+00:00,8.94
38cc4e8f-3977-47ea-b5ef-6f14e6df72b6,e45fbe6b-00c3-4d03-9e04-12ced691a537,1d0fa848e084cad62d0bb6bde3b51e4862558e57,django/django,completed,2025-02-17 23:00:14.838517+00:00,9.845
76bcb6d4-97f5-40fe-9b40-c10d19c5ce97,f6ac914a-9077-4a66-88e9-1b4c0f3692d6,0773837e15bb632afffb6848a58c59a791008fa1,django/django,completed,2025-02-17 22:41:28.465104+00:00,9.152
b438480a-f421-4821-a7cd-a92c4e0811c2,5d873b1a-83e1-4539-8d29-b1005bb12269,50c3ac6fa9b7c8a94a6d1dc87edf775e3bc4d575,django/django,completed,2025-02-17 22:51:18.573614+00:00,9.153
442cadde-2572-4ae2-985a-9becd169da28,12337ff3-128b-49bd-88f0-295ff26279c3,0dbdc0ea83d339936da175f8c3a97d0d6bafb9f8,sympy/sympy,completed,2025-02-18 04:16:13.262590+00:00,18.731
6beefcd2-3736-4979-991f-5555c0d9262e,be7e24d9-6bc7-4da9-88dd-22516eecba80,58e78209c8577b9890e957b624466e5beed7eb08,sympy/sympy,completed,2025-02-18 04:18:30.970175+00:00,18.317
70ebbb1b-8308-4da2-9930-8b451bc2f58d,e90f6d90-8cd4-4202-b192-84ba8dd27927,a59de6e89e8dc1f3e71c9a5a5bbceb373ea5247e,django/django,completed,2025-02-18 05:31:37.200454+00:00,9.069
d9c76973-7733-4a58-89e5-032bdabe86d4,32220e77-e9ac-4301-a494-0faa35a24d49,e0ef1da13e2ab2a77866c05246f73c871ca9388c,sympy/sympy,completed,2025-02-18 04:20:55.178764+00:00,18.84
6a8258f8-0aab-4ccc-910f-e2498b9e242d,4f3ea730-3a0d-4e94-992e-9c76240f35d8,c5cef2499d6eed024b0db5c792d6ec7c53baa470,sympy/sympy,completed,2025-02-18 05:39:22.503707+00:00,20.594
ffe2bbb5-8ef1-4b58-958f-e7bffeb3a2f0,a61ec7b3-2f72-48f5-a1b0-2918f5535710,ab864967e71c950a15771bb6c3723636026ba876,sympy/sympy,completed,2025-02-18 05:16:31.448310+00:00,19.224
385285d3-b7c1-4bcd-b2e4-2482b10de38e,855777d4-fa0a-4217-9546-e74b6b4157ad,84633905273fc916e3d17883810d9969c03f73c2,django/django,completed,2025-02-18 05:09:31.792780+00:00,8.922
2ee43ca5-f4d2-48c5-aa41-de0db838480e,9cfdd4d5-3b5d-4fbb-b2d2-34405dc2f592,fc2b1cc926e34041953738e58fa6ad3053059b22,django/django,completed,2025-02-18 04:06:43.496228+00:00,8.909
25fd1c30-9849-4ee3-a301-f74b5b1cfa5f,2860e34d-7a16-4e7e-94d1-3832ee0a8a08,b17abcb09cbcee80a90f6750e0f9b53f0247656c,sympy/sympy,completed,2025-02-18 04:09:06.250332+00:00,18.345
53c15ddd-e0b1-4337-a491-c889047b9ef1,11969f94-aba1-4c59-a498-a188f050066c,f35ad6411f86a15dd78db39c29d1e5291f66f9b5,sympy/sympy,completed,2025-02-18 05:11:48.344735+00:00,18.441
18e930b6-9081-44e3-afb7-e594ce1bfe5d,3e5ca1f8-ff0d-4a3b-940a-8bc652477e01,42e8cf47c7ee2db238bf91197ea398126c546741,django/django,completed,2025-02-18 04:23:15.867497+00:00,9.195
b58d273f-a1c8-4868-af03-5da6476f14db,8499e376-7049-4770-a87c-060a7facf829,fb536869fb7aa28b2695ad7a3b70949926b291c4,sympy/sympy,completed,2025-02-18 04:13:50.632017+00:00,18.418
cfce5f28-939c-437b-b732-09b196e93db0,c1db0c40-a8f7-4c71-8b54-86d0997f31bf,da9a2b584eb7a6c7e924b2621ed0ddaeca0a7bea,pytest-dev/pytest,completed,2025-02-26 13:09:39.073620+00:00,3.21
dde23a67-ddcd-43aa-9cb9-de7be8fc8cd8,7fa92bde-8dd8-459b-951b-d294c990f78b,965d2d95c630939b53eb60d9c169f5dfc77ee0c6,django/django,completed,2025-02-18 04:25:37.146032+00:00,9.17
21dfac51-7e61-4d90-8cb8-4e8c8be083c7,4e806ad6-45c3-4b25-b9a4-3ffe864370f9,444b6da7cc229a58a2c476a52e45233001dc7073,django/django,completed,2025-02-18 04:28:04.552688+00:00,9.824
1aa1627f-35d1-47e7-8c13-6383f42f474e,3faff345-0e21-4b17-9489-cdf674bd13c8,c5cd8783825b5f6384417dac5f3889b4210b7d08,django/django,completed,2025-02-18 04:11:27.090678+00:00,9.487
e2a61482-4b86-4935-8e8e-a1dce1e2fab3,ce4d291d-9305-4ee8-a91e-31179bfc6bde,cffd4e0f86fefd4802349a9f9b19ed70934ea354,sympy/sympy,completed,2025-02-18 05:29:16.406576+00:00,19.26
7a375df0-9611-4d6c-8db1-566de18049eb,45d7c53a-029e-42e3-b6ca-fb509dd44398,c86201b6ed4f8256b0a0520c08aa674f623d4127,django/django,completed,2025-02-18 05:14:14.700467+00:00,8.952
12c21624-4001-4d23-8f4a-15a57c22c119,21e1aefd-7a42-411a-856a-b0c4e02f8f66,004b4620f6f4ad87261e149898940f2dcd5757ef,django/django,completed,2025-02-18 05:21:14.828872+00:00,9.404
2e402ddd-2745-49bf-b9b3-f4fd802d1d7b,ad77ec42-07b9-4752-bb0c-308f88e73461,5eb6a2b33d70b9889e1cafa12594ad6f80773d3a,django/django,completed,2025-02-18 05:26:53.343256+00:00,9.756
49fdc9b4-1d27-45ed-83ec-e2a1e1727cf4,667ac008-aaa1-4437-9f14-5701928ababb,04b15022e8d1f49af69d8a1e6cd678f31f1280ff,django/django,completed,2025-02-18 05:34:05.949596+00:00,9.834
5bef10c4-5e76-4b65-8d3a-5f7ef2d6c5ce,64674721-38f7-429b-bbc2-82d48f6c8980,25fbcce5b1a4c7e3956e6062930f4a44ce95a632,sympy/sympy,completed,2025-02-18 05:18:48.174485+00:00,18.893
f1aab807-6a9e-42fd-ba8b-ee7ada867453,48a55905-4b91-47c6-8583-852adcd33643,62254c5202e80a68f4fe6572a2be46a3d953de1a,django/django,completed,2025-02-18 17:28:27.027645+00:00,8.938
f2d3bf82-0949-47d3-99f7-57d5b88850c8,0e3a43eb-e93d-48a6-9552-187adbabddba,8fc63c2d71752389a44367b8ef4aba8a91af6a45,sympy/sympy,completed,2025-02-18 17:30:43.809501+00:00,18.708
fe1427c3-fc05-4b8f-9a35-d5caa48e64ae,443bf0ed-b98b-462a-a7c3-b6abb6eb8128,3dff1b98a78f28c953ae2140b69356b8391e399c,sympy/sympy,completed,2025-02-18 17:46:33.127204+00:00,18.732
b32800a2-0a55-4010-b7ab-62ef416b14ab,158fe6f2-10ce-4ac9-b08b-d0e11b7e58d2,9da013ad0ddc3cd96fe505f2e47c63e372040916,sympy/sympy,completed,2025-02-18 17:50:39.102372+00:00,18.547
5d6a25a2-aea5-473f-8496-04eff1007293,a11b6632-d9c4-4760-8ba0-d24f16d0447e,516fa83e69caf1e68306cfc912a13f36c434d51c,sympy/sympy,completed,2025-02-18 17:35:24.172524+00:00,18.773
c3a337c8-447a-4b42-b06a-9c39420b7ced,8354494e-25ff-4af1-9261-02ef5780c1a8,475cffd1d64c690cdad16ede4d5e81985738ceb4,django/django,completed,2025-02-18 17:48:21.968750+00:00,9.382
2dcf285a-9821-4763-a6df-3fcf7288b990,d68c477e-ffd8-402d-931a-d4971f3b7f87,f5e965947af2410ded92cfad987aaf45262ea434,sympy/sympy,completed,2025-02-18 17:33:07.082553+00:00,18.323
977d2beb-c8f7-47c7-b507-a87f34cc994a,e1ec756b-2929-4c63-b95c-505213848b0c,b64db05b9cedd96905d637a2d824cbbf428e40e7,django/django,completed,2025-02-18 17:45:51.601574+00:00,9.345
8e3a3876-9248-4cdb-a8e8-7925df0bb31a,2dbdc717-d326-48b1-95b8-484f033ab59e,d559cb02da30f74debbb1fc3a46de0df134d2d80,django/django,completed,2025-02-18 17:52:59.451004+00:00,9.813
bb916e58-0cbe-4eb4-a315-4a2592e30afe,7ca5a812-ee2f-48cd-8b45-01cb1bdbc5af,67d06b18c68ee4452768f8a1e868565dd4354abf,scikit-learn/scikit-learn,completed,2025-02-26 13:11:56.228295+00:00,7.243
65cc6f12-be8f-408f-a569-d64064b41ccd,8e37aa6f-9be6-49f7-ac2f-a3b466e1e4c3,f1061c012e214f16fd8790dec3c283d787e3daa8,sphinx-doc/sphinx,completed,2025-02-26 13:14:10.967672+00:00,4.283
5da56c39-ee50-490c-b5b7-a2e70e96b752,2f8027f9-7a37-43c9-a4ed-ea5fbc69d974,36367765fe780f962bba861bf368a765380bbc68,sphinx-doc/sphinx,completed,2025-02-26 15:32:28.005678+00:00,4.287
fffc8765-2648-4fe7-a399-012155ea4212,e92e9c18-d3df-4934-befb-ac9668016e1d,d7c3045115693e887bcd03599b7ca4650ac5f2cb,sympy/sympy,completed,2025-02-26 13:16:34.117704+00:00,11.151
6ae54554-cfc3-4eec-a0e4-8c2ccf2d380e,b1470217-fc08-4d51-af45-00b1534d882c,d1320814eda6549996190618a21eaf212cfd4d1e,sympy/sympy,completed,2025-02-27 14:03:55.575655+00:00,11.445
7a13eb6b-e0d8-4686-8882-4ccab6f971ce,8e5256df-d0b8-4e61-a74d-f6b21c99fc16,ac2b7599d212af7d04649959ce6926c63c3133fa,sphinx-doc/sphinx,completed,2025-02-27 14:01:25.149659+00:00,3.784
2500d187-ef13-4273-9b5d-4d4890dbbf88,dcef6b6d-85ef-4717-affd-cba096f6fc04,922a5f16a52c30708159392ace13d474eef08bfb,Vokturz/fake-repo,completed,2025-07-02 18:20:13.882032+00:00,0.001
10c301a3-bcb8-46b4-a32d-c0fa2a572800,e4648f0a-92cc-4020-9b3f-9b75bf06ae99,142ab6846ac09d6d401e26fc8b6b988a583ac0f5,django/django,completed,2025-02-18 17:50:28.552594+00:00,8.929
e4226e1b-0779-4160-acc8-4c01bd34d782,da0989ef-a288-47c7-97bd-1be35f159f6a,fa9b4b140ec0eaf75a62c1111131626ef0f6f524,sympy/sympy,completed,2025-02-18 17:55:22.382403+00:00,20.609
4d647818-1617-4c3c-a8b8-828546c27023,97ca062b-22c1-4e91-a435-40224655e323,fb59d703e6863ed803c98177b59197b5513332e9,sympy/sympy,completed,2025-02-18 22:26:37.029262+00:00,17.677
31391604-2a36-412d-bfad-371fc3010872,b25f5e5c-8e44-45e5-b958-9974ed601335,5d674eac871a306405b0fbbaeb17bbeba9c68bf3,django/django,completed,2025-02-18 19:09:39.174820+00:00,8.955
34737fa5-9acf-4d97-8bc5-18cba792525d,b04f1e85-da81-44c3-86b5-d8a05571c7d9,b55ebe32417e0884b6b8b3e1bc0379033aa221af,django/django,completed,2025-02-18 19:14:21.383749+00:00,9.463
fce0e652-48cc-49ba-ab2d-49e0cf35e597,1714e2f2-097f-478c-898a-e629fadd9eb4,877c800f255ccaa7abde1fb944de45d1616f5cc9,django/django,completed,2025-02-18 19:23:41.735825+00:00,9.759
5043af91-499a-42b5-9852-446b9bb50fb4,dffad790-b8a5-4223-b9b9-0b304cb68f84,d822fcba181155b85ff2b29fe525adbafb22b448,sympy/sympy,completed,2025-02-18 19:35:28.966161+00:00,20.425
018a8eb2-b916-4ad6-8c75-dcc3d0d7664b,c18d1408-ed10-467a-881b-835642cb010b,7c4f3965098baad2396e24501e09237425a7bd6f,django/django,completed,2025-02-18 19:26:02.516311+00:00,9.473
90586b98-97f1-4f40-9142-1117946a2a46,3949dfa4-3eaf-4f47-a57b-2b4941c18dff,9ef28fba5b4d6d0168237c9c005a550e6dc27d81,sympy/sympy,completed,2025-02-18 19:16:43.658608+00:00,17.671
251ad37d-a4c3-400a-b1cb-9e25d454887d,8665f40a-a289-4c52-afe4-08cb1c08a0b5,6df9398cce063874ae4d59db126d4adacb0fa8d3,django/django,completed,2025-02-18 22:44:44.304289+00:00,9.795
8aa54df9-dfe1-4e29-924f-72ab9f0049e5,ff85a88b-67a8-4514-926c-dce8abe2e9c8,b7c5ba2bf3ffd5cf453b25af7c8ddd9a639800cb,sympy/sympy,completed,2025-02-18 19:12:01.454400+00:00,17.482
e8364695-954b-4e47-913f-9c19bc74d33f,cba09a3d-e0d4-4aed-b168-e5b35824d6c8,bdb49c4abfb35554a3c8ce761696ffff3bb837fe,sympy/sympy,completed,2025-02-18 19:19:00.595740+00:00,19.186
e8829558-ed98-4ddb-a19b-3ec6407921d8,66e96924-e79e-41ab-bce1-d1ec6e31e863,2c83657ff1c62fc2761b639469fdac7f7561a72a,sympy/sympy,completed,2025-02-18 19:21:18.121692+00:00,20.085
b9deee83-7102-48f7-9e17-fd6841a61d9f,04603d98-5345-45de-ac64-0d99d0807601,0456d3e42795481a186db05719300691fe2a1029,django/django,completed,2025-02-18 19:28:28.789942+00:00,9.262
632324d3-197f-4dd8-846d-0686b54e12c2,3c974ab9-f81f-4848-989d-82971ad12f7a,ec13e801b820614ff374cb0046092caab8d67249,django/django,completed,2025-02-18 19:33:12.063446+00:00,9.796
d5689631-a339-40bf-b0cb-ee4ddcbbda89,815e3855-74a0-45c9-b26e-e9d41930e305,c627226d05dd52aef59447dcfb29cec2c2b11b8a,django/django,completed,2025-02-18 22:31:17.416426+00:00,9.755
d25b8da3-9232-4bcc-a949-8cf456aed947,0416f2b8-1ba4-4103-a05a-04f77c0c2692,0e987498b00167fdd4a08a41c852a97cb70ce8f2,sympy/sympy,completed,2025-02-18 19:30:46.106973+00:00,17.902
3da1cd19-a76f-4eeb-8993-b8725c3d47f4,68d639a8-5106-4dad-a3e5-1fd4f1e4e87f,4fd3044ca0135da903a70dfb66992293f529ecf1,django/django,completed,2025-02-18 22:41:49.714938+00:00,9.443
a6e9a571-efcc-4b30-835c-db14a9c39f0f,a094b087-5fde-4d07-893a-951163a779df,15f56f3b0006d2ed2c29bde3c43e91618012c849,sympy/sympy,completed,2025-02-19 00:45:37.636045+00:00,17.783
e01bb701-950a-4366-af5b-247a642d0a37,3aa7ec0c-820b-4661-9b70-224c0cee926a,2e0f04507b17362239ba49830d26fec504d46978,django/django,completed,2025-02-19 00:48:04.466271+00:00,9.039
3016eb4e-9af1-4952-bb65-ef99f9971d1a,66e3d871-83d2-43c3-9b2c-277258d30477,184a6eebb0ef56d5f1b1315a8e666830e37f3f81,django/django,completed,2025-02-18 22:28:57.268118+00:00,9.121
57aee7ac-cf8d-4cd9-ad7d-a649ce570627,dc9ec842-ad8c-4348-a908-799c194ed8b6,d9b18c518d64d0ebe8e35a98c2fb519938b9b151,sympy/sympy,completed,2025-02-19 01:12:25.739906+00:00,19.969
f2b69ea0-4993-4909-b499-f4ebfe9dfa70,0b72be15-3af0-41af-992b-1115af542808,a106f4782a9dbe7f8fd16030f15401d977e03ae9,sympy/sympy,completed,2025-02-18 22:35:52.073851+00:00,19.209
c51aae9c-772f-4131-a24e-7df7dcb862dd,7cc7391a-e534-412d-a7fe-4c25b17bce54,d57aaf064041fe52c0fa357639b069100f8b28e1,sympy/sympy,completed,2025-02-18 22:39:29.710681+00:00,19.164
9d0994b3-2b62-4727-84f8-4ac6ef9da00b,4cb04b2f-bf36-4097-b32b-fbe65cc778d6,b4777fdcef467b7132c055f8ac2c9a5059e6a145,sympy/sympy,completed,2025-02-18 22:33:34.217583+00:00,19.785
2ef7e3d8-6eda-431d-8f0d-4b788684f17a,00b9d516-1de5-4571-a9d0-a93b3ca9ad64,c5e373d48cbdd923575956fed477b63d66d9603f,django/django,completed,2025-02-19 00:43:20.521574+00:00,8.979
6d9e51fa-6515-47cc-b8d7-df1ab6e2fff0,65cb91ae-be94-4858-a8ff-2f1a422f24a8,3ff4717b6aef6086e78f01cdfa06f64ae23aed7e,sympy/sympy,completed,2025-02-18 22:49:18.295748+00:00,20.425
7458d853-2d94-46af-9b24-c16ec93a8df5,9c9745eb-ae87-4a71-81fa-279acfbfe900,1abbc0ac3e552cb184317194e5d5c5b9dd8fb640,sympy/sympy,completed,2025-02-18 22:47:00.902192+00:00,19.226
608fadf1-5bd0-42d2-9c57-d5bfcbaddc64,15ff7247-08a8-4d0d-bc87-624b6c8597a3,6f73eb9d90cfec684529aab48d517e3d6449ba8c,django/django,completed,2025-02-19 01:01:19.746206+00:00,9.743
9169bbc7-2bb8-4842-b19b-8c0cc581a493,472b2aed-35de-4497-b635-460f8f628873,7f9e4524d6b23424cf44fbe1bf1f4e70f6bb066e,django/django,completed,2025-02-19 00:52:41.920566+00:00,9.128
16c24ec4-2864-49a9-8ce5-fed4ea56c043,2ee15bcc-4cc6-4912-8846-db2e84795650,f9e030b57623bebdc2efa7f297c1b5ede08fcebf,sympy/sympy,completed,2025-02-19 00:54:58.754560+00:00,18.783
d7737920-9218-4890-b06e-21639fbe0259,37a37562-8d50-4b78-9134-d151c2e5de9e,eb926a1d0c1158bf43f01eaf673dc84416b5ebb1,sympy/sympy,completed,2025-02-19 01:02:56.321334+00:00,19.318
879560b3-bc02-4560-a8b3-572e6b61e8b5,dde6f44b-4e5c-49fd-b5a9-d75db8c83931,b30c0081d4d8a31ab7dc7f72a4c7099af606ef29,django/django,completed,2025-02-19 01:10:02.646557+00:00,9.777
8b4a7014-e8ae-41e2-a710-bcea4d119023,23377fb7-5fee-4192-bca2-5c760d1336a9,aa22709cb7df2d7503803d4b2c0baa7aa21440b6,sympy/sympy,completed,2025-02-19 01:03:36.372871+00:00,19.612
de341393-8f76-4ad8-9e01-bae9eb3dd8b1,b8af75f4-c9fd-4c61-a0d6-d32f167e556f,a7e6f093c98a3c4783848a19fce646e32b6e0161,sympy/sympy,completed,2025-02-19 00:50:21.543224+00:00,17.962
766e70a0-951d-4d69-80b9-2b31e454af2d,908d6091-2075-488c-a6a7-4b8c9bb68334,1710cdbe79c90665046034fe1700933d038d90ad,django/django,completed,2025-02-19 01:16:25.322712+00:00,9.198
e1679c65-9e1f-4d7b-b574-6cc39ee95e37,0a1dcd9b-64ee-4387-a97a-96d8f19e49ec,31c68eef3ffef39e2e792b0ec92cd92b7010eb2a,sympy/sympy,completed,2025-02-19 15:53:45.024094+00:00,17.804
863a802f-3960-429d-bc62-fc87cf18584f,e9262553-050e-4f30-a5f9-770c52e121a0,b330b918e979ea39a21d47b61172d112caf432c3,django/django,completed,2025-02-19 15:51:08.020901+00:00,8.999
62afdf17-e035-4c84-ab87-bf1adbc5091f,4832e6d1-44f3-40c4-b461-fa72ffa34fae,44c24bf02835323d5418512ebe8e76166739ebf8,django/django,completed,2025-02-19 16:34:09.497297+00:00,9.763
0d1d2e7a-75cd-416f-ae6b-74bab8d6bbc4,eb6bf31b-a17e-4dfa-bad6-080b520443d7,4fe3774c729f3fd5105b3001fe69a70bdca95ac3,django/django,completed,2025-02-19 16:03:42.927018+00:00,9.344
a94e024f-8c97-4070-b137-1addc3eb370c,fef75763-878f-489d-8b61-d8d48f684cc2,b17ef6effe278d5b861d65896cc53442a6370d8f,sympy/sympy,completed,2025-02-19 16:01:11.919806+00:00,18.697
4c06dcb8-988b-4992-b03f-b2c62f92379f,c2902619-977d-4259-839e-fc1cdc02bc2f,aa9780761ad8c3c0f68beeef3a0ce5caac9e100b,sympy/sympy,completed,2025-02-26 15:34:50.565885+00:00,11.231
e090b377-bca4-4edd-9446-d335bcf9d151,f44501fc-6ad3-4cb4-8c93-dc8e73afe398,903aaa35e5ceaa33bfc9b19b7f6da65ce5a91dd4,django/django,completed,2025-02-19 15:56:05.538883+00:00,9.391
ab760aa0-0945-42b9-8d46-4b03cb1a26f1,6e880de9-72dd-4a18-bf31-fc0f9113190a,16218c20606d8cd89c5393970c83da04598a3e04,django/django,completed,2025-02-19 21:12:46.066084+00:00,9.12
50ad03e3-b6e3-44a7-81f2-33bb843306cd,e5c32798-3188-4d9d-b5ff-479a19500698,447980e72ac01da1594dd3373a03ba40b7ee6f80,django/django,completed,2025-02-19 15:58:26.623348+00:00,9.051
e373639b-6bfd-41f0-80f8-6578c0eef4ba,e163ebad-d492-47de-a886-bb6b046471f8,74227f900b05009d4eed62e34a166228788a32ca,sympy/sympy,completed,2025-02-19 16:12:17.277976+00:00,18.704
b22c59d4-6d1c-4cee-a5fe-879c210d54e8,f10bba40-0737-41d9-bf14-48a3ecbf26c8,a4881f5e5d7ee38b7e83301331a0b4962845ef8a,django/django,completed,2025-02-19 20:55:49.803648+00:00,9.005
a7996415-d92f-4cd5-8ada-80700f77fafa,0310962c-2ae6-40ad-8e4a-7c1217665c36,126f80578140e752ad5135aac77b8ff887eede3e,sympy/sympy,completed,2025-02-19 16:34:09.217420+00:00,19.788
039c4041-2f24-4280-ad23-3b5c0eb087c5,81c630cf-1313-4ba1-9f4f-38b95d5fbe47,2f13c476abe4ba787b6cb71131818341911f43cc,django/django,completed,2025-02-19 16:06:02.850736+00:00,9.226
0fff5df5-3777-4745-aafb-7c49d6111c28,d9b2ddcc-af63-473a-9a37-a1245b24cfc5,35b03788b0607c1f8d2b64e4fa9e1669b0907ea4,django/django,completed,2025-02-19 21:00:33.954828+00:00,9.139
d626d355-d745-425c-92a4-a70c3b86d41b,18b8c8be-f6c7-40e0-8f59-766c7e26345c,09786a173e7a0a488f46dd6000177c23e5d24eed,sympy/sympy,completed,2025-02-19 16:09:54.257768+00:00,18.049
f0175763-1729-44e8-94ca-6e9de235072c,1be2e1c7-7f80-4e5c-8943-eb1493f18db6,8d160f154f0240a423e83ffe0690e472f837373c,django/django,completed,2025-02-19 21:04:02.165937+00:00,9.754
9e6fd5d0-9558-417e-8037-04277d992a0b,a627bdcc-d484-4325-bdb8-963ab4827325,41490b75f3621408e0468b0e7b6dc409601fc6ff,sympy/sympy,completed,2025-02-19 20:58:06.425797+00:00,17.939
a50af727-9816-4ff9-b8f1-ae54e18583be,cdfef5d1-2fe1-4bda-927a-e3114bd922cb,453967477e3ddae704cd739eac2449c0e13d464c,django/django,completed,2025-02-19 21:32:54.299486+00:00,9.151
1a9272ef-de92-4d4b-bb5f-66fc64fef6de,804d5e57-748d-47aa-bf92-325786ff4cbf,f91de695585c1fbc7d4f49ee061f64fcb1c2c4d8,sympy/sympy,completed,2025-02-19 21:06:24.833910+00:00,18.147
5b1c24e8-2873-4c59-aaad-64f80fb8f461,b788ea41-a9a6-42b9-9c62-3cfb29ac46b9,b4817d20b9e55df30be0b1b2ca8c8bb6d61aab07,django/django,completed,2025-02-19 21:19:44.718721+00:00,9.763
97ec8bf6-d3ed-4ee0-8246-9b44c73cd4ef,2c975932-7e71-4cf8-a782-db6dfcf63c56,0d4e575c96d408e0efb4dfd0cbfc864219776950,django/django,completed,2025-02-19 21:37:54.984607+00:00,9.401
ec938900-4e14-40c1-9d02-9fb7f7ccece1,7f68e9c0-ca29-4c33-bdc0-bb08a7708120,2c01ebb4be5d53cbf6450f356c10e436025d6d07,django/django,completed,2025-02-19 21:18:32.124596+00:00,9.418
5126918e-1d09-4c69-9a6e-a2602eb32c54,e1c1697f-f529-44ac-b314-8edf8ad5dbdb,ba80d1e493f21431b4bf729b3e0452cd47eb9566,sympy/sympy,completed,2025-02-19 21:17:19.351249+00:00,18.619
c30aedd8-c377-4f1b-a681-0f75ce0ee4ae,f05a0ebd-3de8-4b96-86b3-0f44e014b93a,1d3327b8e90a186df6972991963a5ae87053259d,sympy/sympy,completed,2025-02-19 21:15:02.840976+00:00,18.206
902482b3-7d43-457e-8225-342287c1c380,b9c1af90-f3c3-4a69-9a2d-950d04ebd35e,624217179aaf8d094e6ff75b7493ad1ee47599b0,sympy/sympy,completed,2025-02-19 21:22:07.885342+00:00,19.704
ca13e5b5-d839-4afa-bfad-deffa47bd767,894848e1-96fa-4443-b68e-a0bcc9a90c12,755dbf39fcdc491fe9b588358303e259c7750be4,django/django,completed,2025-02-19 21:35:34.695502+00:00,9.137
96f152e7-d847-4d2d-8738-c83cd63843c0,2270da05-07bd-4aa6-8e7b-588447e7d9ec,8328811f048fed0dd22573224def8c65410c9f2e,django/django,completed,2025-02-19 21:30:28.104249+00:00,9.046
948bf787-2fa1-4f0d-884e-5e8aae4ad2c9,b3c18836-195a-4f41-af1e-84aa4ea413c5,895f28f9cbed817c00ab68770433170d83132d90,django/django,completed,2025-02-19 21:44:44.373482+00:00,8.932
fbb83197-5197-4f24-8cb4-ba3a799a6ce8,db755e13-a28c-4fa3-a132-66bf099eb608,b2b0711b555fa292751763c2df4fe577c396f265,django/django,completed,2025-02-19 21:47:10.915601+00:00,9.133
7130e36b-197d-4a14-9623-ef330a13f90a,99a7b9c7-4d93-4522-85f0-8963b63c158a,910ecd1b8df7678f45c3d507dde6bcb1faafa243,django/django,completed,2025-02-19 21:51:56.679391+00:00,9.343
ddaa0d66-5cf4-40e1-947f-968bb8508d1c,16d43cb0-323c-4317-9378-d88560d4d795,748ce73479ee2cd5c861431091001cc18943c735,sympy/sympy,completed,2025-02-19 21:49:36.327941+00:00,19.582
54fb0ea4-555c-44f7-a487-49736632d2ca,d15a365e-c131-498d-abec-abf04e057f3b,d90e34c61b27fba2527834806639eebbcfab9631,django/django,completed,2025-02-19 21:42:18.465638+00:00,9.646
82b31a36-4ba5-4156-8bf8-fd981645b4c0,4d1d4bf0-a4c6-4f61-a6ab-c93427b1e041,a7141cd90019b62688d507ae056298507678c058,astropy/astropy,completed,2025-02-26 15:37:10.298313+00:00,19.407
ea699a7a-2301-4916-af4a-efc48230b9ad,73505680-7ce0-4ba4-91c5-fbe8b4af9614,49ae7ce50a874f8a04cd910882fb9571ff3a0d7a,django/django,completed,2025-02-20 14:13:11.506998+00:00,9.044
928ebe5a-6e59-4c8d-9b62-b9638b1d6676,320fe451-7f0f-4413-844f-f33c054d70e3,466920f6d726eee90d5566e0a9948e92b33a122e,django/django,completed,2025-02-20 15:04:01.748263+00:00,9.198
2c7297fb-0a34-4f09-89b5-e888404ab3c2,6d2ce4cc-29e8-4a13-b8c0-ccb75324ee78,d51c50d836c5cf8db5566da17963f871be554615,django/django,completed,2025-02-20 14:15:31.663690+00:00,8.95
4f0cca3e-1c97-4e6f-be34-5d0acb9eb489,caec6c95-3aa9-4674-b11c-0f3a76ea6ed7,7f33c1e22dbc34a7afae7967783725b10f1f13b1,django/django,completed,2025-02-20 14:10:51.349244+00:00,9.321
9e26761c-61c0-4be1-b905-41cdde17cf12,673955d1-5b05-4f28-874c-fd9d73bc09a3,29345aecf6e8d53ccb3577a3762bb0c263f7558d,django/django,completed,2025-02-20 14:17:59.315888+00:00,9.264
386f98f8-2203-49ca-b342-89246c69a893,179b7d57-e9e0-4935-a2bd-86a0b1e3c8f7,d4d5427571b4bf3a21c902276c2a00215c2a37cc,django/django,completed,2025-02-20 14:03:37.440635+00:00,9.754
6400cca9-aff3-4a0a-b3ad-9d09a93db47c,e0f82a37-6b24-451f-a359-17029def4c83,03cadb912c78b769d6bf4a943a2a35fc1d952960,django/django,completed,2025-02-20 14:06:04.133162+00:00,9.443
9da07620-0db8-4503-9b63-203eed081633,8e0f860b-8b28-4317-99ce-6cc7feed1601,7af8f4127397279d19ef7c7899e93018274e2f9b,django/django,completed,2025-02-20 14:08:24.604863+00:00,9.096
8d751f0a-c9c6-4b71-8e5f-231d9715b121,b6134140-a127-4681-a6e2-08d5911ecd1d,3bc4240d979812bd11365ede04c028ea13fdc8c6,django/django,completed,2025-02-20 14:20:20.874941+00:00,9.056
7dd49ac1-09f4-4584-bf77-300c3c1fde2b,9dc98c78-72b9-4f08-977c-685afe8d5993,78ad4b4b0201003792bfdbf1a7781cbc9ee03539,django/django,completed,2025-02-20 15:06:22.125016+00:00,9.069
b8e00d1a-58ad-4f24-8c38-1858abf9e992,3bc251a6-ec8e-48bd-ae3e-4f83f788ad0a,361bb8f786f112ee275be136795c0b1ecefff928,django/django,completed,2025-02-20 15:19:19.319280+00:00,9.45
2a477758-b1e8-4e9b-b941-2772f6da92d1,c91f8bb4-7c77-4507-8f03-c264a97ec43c,7b9596b974fb0ad1868b10c8c2174e10b72be403,django/django,completed,2025-02-20 14:25:11.891695+00:00,9.117
771bdbdf-7e76-4c1b-b84a-e235474b04e9,e5d55b2c-7af6-45bc-8065-5b13f0f9661d,e727339af6dc22321b00f52d971cda39e4ce89fb,sympy/sympy,completed,2025-02-20 14:22:45.131431+00:00,18.139
3e007bdc-acf9-4ecf-a2b6-5d0fd3fbe6e4,890dbb94-bf1f-44e9-ab40-a8eba0c0edae,647480166bfe7532e8c471fef0146e3a17e6c0c9,django/django,completed,2025-02-20 14:27:36.182343+00:00,9.726
cb084918-4d2f-4bc6-9364-14d7e8389870,5b9f2c4b-736f-453a-b955-32923d6be8f8,6a970a8b4600eb91be25f38caed0a52269d6303d,django/django,completed,2025-02-20 14:30:03.010403+00:00,9.327
2055cd1b-9f6d-4d27-8145-965a3505200f,7c53443d-6c1d-4a9f-bc69-46328f5a4250,62000f37b8821573ba00280524ffb4ac4a380875,sympy/sympy,completed,2025-02-20 15:08:44.642291+00:00,18.544
1eaeb220-87b6-4e62-ae76-6249f2eb0351,7db9ef80-d897-42df-9a5c-7cf35987eab3,36fa071d6ebd18a61c4d7f1b5c9d17106134bd44,django/django,completed,2025-02-20 15:12:00.963551+00:00,9.303
2378ecc7-5de8-4bfa-86a2-20a87af4e56e,ad6fb485-f57d-43d2-a7e2-438f96593b31,36bc47069ce071e80c8129500de3b8664d2058a7,django/django,completed,2025-02-20 15:14:31.245966+00:00,9.139
e7f803ae-207d-4961-b5d7-d65679a155ed,a11cfe1b-5887-4a19-93b1-01b54fb1677a,0c42cdf0d2422f4c080e93594d5d15381d6e955e,django/django,completed,2025-02-20 15:21:47.363549+00:00,9.193
a1d42f64-e0af-4783-b253-18da81c33c12,6c894f8a-15dd-4502-a827-ac29cf158a98,4652f1f0aa459a7b980441d629648707c32e36bf,django/django,completed,2025-02-20 15:16:59.040147+00:00,9.069
e3dc1797-8de9-490e-bfba-04e7cec33f54,b437420e-b057-4097-aa94-c013b7607522,3f140dde51c0fe6c350acb7727bbe489a99f0632,django/django,completed,2025-02-20 15:38:30.964836+00:00,9.169
0c899deb-dd0e-4791-810f-cccff39c2b57,f77cfdca-a183-4d8a-a62b-bd23328dd629,fa4e963ee7e6876581b5432363603571839ba00c,django/django,completed,2025-02-20 15:24:14.713012+00:00,9.27
69a9e885-3c16-4065-b261-45d52ac407b6,261f81fd-fcc1-4592-a2de-4a1d801bf5d5,30e123ed351317b7527f632b3b7dc4e81e850449,django/django,completed,2025-02-20 15:31:20.610284+00:00,9.24
e2fcf1da-8064-4323-89f0-1e449e8d0cce,fd33e2b4-6caa-4895-aae9-e8ba568936e9,a754b82dac511475b6276039471ccd17cc64aeb8,django/django,completed,2025-02-20 15:26:38.490142+00:00,9.411
3f05c22b-cc11-4b29-8180-33c9231f8d98,178cc1d2-b500-4890-945a-bf6dfbdf7721,00ea883ef56fb5e092cbe4a6f7ff2e7470886ac4,django/django,completed,2025-02-20 15:33:42.959407+00:00,9.334
d0072526-542e-493a-a98a-614dd66c64c5,b2e37b96-ce6b-4458-a606-eeafd7a95c6b,1bd6a7a0acc11e249fca11c017505ad39f15ebf6,django/django,completed,2025-02-20 15:36:08.982288+00:00,9.359
bf30cbf3-331d-4908-ab08-b4286eff04ac,7017ce6f-ca66-45b6-8998-4d4497d0c9d9,4c76ffc2d6c77c850b4bef8d9acc197d11c47937,django/django,completed,2025-02-20 15:28:58.700229+00:00,9.624
d22ed5ed-7224-46d2-8a1f-72cbcae7f541,8166ea07-8423-4770-b230-9e4d0d6a2125,0aaef0fd1bb1b9729543dc40168adfb829eb75a4,google/gson,completed,2025-07-01 17:30:00.381429+00:00,2.676
1427e768-198d-4bc4-8418-b5592002d20e,7523e12b-2a0c-4846-bd17-f45bff908345,f8c43aca467b7b0c4bb0a7fa41362f90b610b8df,django/django,completed,2025-02-26 15:39:54.892286+00:00,10.09
ceba394c-bf99-47b0-8aab-2dc98c3cf11a,41713a57-8965-4e24-b4dc-bd5759abe090,953f29f700a60fc09b08b2c2270c12c447490c6a,django/django,completed,2025-02-26 18:57:46.804655+00:00,10.084
f82752f5-eaf7-4ea1-a2cc-e4e257a5351d,5e9f69df-ed6e-48ff-8777-3e3c92fb6b4d,684a1d6aa0a6791e20078bc524f97c8906332390,pylint-dev/pylint,completed,2025-02-26 15:48:48.497899+00:00,2.358
f42576c3-bfad-4306-b53a-5a4fd22587b2,8792042a-dda9-4edc-aa1a-96733fee949d,fa68f46289adf4a8a4bc7ba97ded8258ec9d079c,matplotlib/matplotlib,completed,2025-02-26 19:00:09.803717+00:00,11.363
1b0fe8bf-9e61-4d6b-876f-4127e8baf3d3,34b09720-10f7-4e8b-9caa-bafb8e26e16a,422685d0bdc110547535036c1ff398b5e1c44145,pytest-dev/pytest,completed,2025-02-26 19:07:43.311756+00:00,2.977
38db4ef1-c4f7-4e30-82bb-50bb83583c3c,29004910-d21c-421b-b19f-c70f4c446753,39d0fdd9096f7dceccbc8f82e1eda7dd64717a8e,psf/requests,completed,2025-02-26 15:44:37.919478+00:00,0.354
80ea3ece-13d8-4033-b4b8-8ad442c1f5d0,cd840d83-2245-4150-808a-2fb28bd4b42f,3aa75c8d00a4a2d4acf10d80f76b937cadb666b7,pydata/xarray,completed,2025-02-26 19:02:17.171887+00:00,3.089
7844556b-4698-453a-9407-167b531c171d,c286429b-e14a-48a5-8d18-b0f1070f4695,3aed80608b36c310d0fe5f240f49d670b3638698,alibaba/fastjson2,completed,2025-07-02 14:43:41.130423+00:00,6.763
00625c6f-fae4-4e1e-8b7d-56705d51c142,c82ddf19-6bf1-48d7-b35b-bdcdb9f59ee2,315ac5ad2ad5228129a3df50623570d9bc2d7045,fasterxml/jackson-core,completed,2025-07-01 17:32:09.787314+00:00,3.776
a0e69895-e202-4db3-a985-62dcb4f25322,fa816751-4c11-4e31-aa80-92c4545dad8f,357e1a74b4af25c3e3839d303cc3d8d239d43087,sveltejs/svelte,completed,2025-07-01 17:24:09.283080+00:00,4.433
c12b3ff6-d75c-4916-95f7-c78de5c31e3c,4c4dcd9c-d92b-45af-8789-2fb7300e32a6,a18b8cd98e94660dcac19bd2cd11f376705d7745,fasterxml/jackson-dataformat-xml,completed,2025-07-01 17:27:16.805257+00:00,42.578
54ca1e82-f21a-4697-a638-ecda72753c8c,f616910f-868d-4b6c-b9ec-768def9c581a,b6554b29ed6c204a0dd4b8a670877fe0ba2e808b,mockito/mockito,completed,2025-07-01 17:26:43.004100+00:00,3.488
704fc21f-df8e-4378-a989-402236a30aa2,d4e528c8-cada-4a99-82a3-bcc1b797f963,f1f587bc4ebd50e734b066ed740a43afd0a6c8df,Vokturz/fake-repo,completed,2025-07-03 13:41:10.432614+00:00,0.001
990e495a-261c-41b9-bc5d-39b2356512ba,2902e15c-ec49-4070-a894-2041b4a5e5fc,c6c7ec1978c22ae2c704555a873d0ec6e1e2eaa8,matplotlib/matplotlib,completed,2025-07-02 14:38:59.299034+00:00,12.522
fba771b2-6c8a-470c-8898-6040ff667d91,f64f38ad-82b1-496a-95cc-c1c73ef73a97,115143f6bc5a90ff19c3af2bee68f3077fc5f1a3,ponylang/ponyc,completed,2025-07-01 15:23:12.242771+00:00,3.202
06ffc5ae-9f82-4c23-ad02-43c633f5f37b,c1b4ecea-d586-45a7-9d54-8cc3d2c582bf,64963dcbd6162c52ba9273bb55d78c7a442b12f4,facebook/zstd,completed,2025-07-01 15:25:59.991709+00:00,5.246
d5454b6f-733e-410e-bce2-528cd07e6d4a,0aaa8b6c-7359-4063-9fd4-0fdabb698f75,cb2f814b6c182f7d469d5007aa52885cf24fad34,ponylang/ponyc,completed,2025-07-01 17:17:29.131275+00:00,3.168
6c6a8e17-96da-4387-a9a8-1e4736ae1436,807e0ba2-9073-407b-bd84-669bd89c5bb8,7f547827e47b5ade563a293329deb4226496d72f,jqlang/jq,completed,2025-07-01 17:18:42.501764+00:00,1.811
8c3c75bf-1706-42b2-8c7b-de1cb9d937f6,8802448e-7951-4e52-9dba-13adf3b49109,58508398f4121f2a84092ac771db0f2b0fbb3b1a,facebook/zstd,completed,2025-07-01 17:18:09.422242+00:00,5.163
1606a27b-6316-4e4c-b410-c30846f2b830,8560c242-d539-4e9e-ac9a-24ad8546e1a4,00347f1e79260e76d5072cca5b3636868397dda5,catchorg/Catch2,completed,2025-07-01 17:19:21.329673+00:00,1.799
20707630-e704-49e2-9a61-63c4fb4b9090,893c3f05-9d55-4837-9c0e-4215439526e0,553cf822f6500075d374f3e89ad04b8308cd9f47,mui/material-ui,completed,2025-07-01 15:31:42.221787+00:00,37.781
5148e03a-c106-4160-8bba-bf384fe88374,fd3ac33f-5995-402f-b8b2-09c71480a1c8,b782f4b9559ece1b6178cbeafa8acffb0ab9d0f0,fasterxml/jackson-dataformat-xml,completed,2025-07-01 15:31:57.678570+00:00,0.879
5c477de2-44ce-4c74-a2f0-8296ffe54fd0,d61ad785-825c-48f7-b163-3a79ae3a96e1,37f4cd2648faa2a4c78c3d4caf5d61cb491c7d22,jqlang/jq,completed,2025-07-01 15:26:12.885224+00:00,1.832
d23ec0d1-f935-406a-8472-d76f57231df2,7928c26a-b625-4782-a3a9-c706e0fe3fba,6d2557d5d1a8ac498f2bcee20e5053c93b33ecce,google/gson,completed,2025-07-01 15:33:19.432354+00:00,1.432
5211a4cb-3f9f-45cf-986d-86f5b2fdbb90,3c54ea1c-e336-4fa4-a7fd-d1c4baf9eedc,9c6eb2286284a44ea3ba983ab4d2d2f8a8c2203e,anuraghazra/github-readme-stats,completed,2025-07-01 15:29:25.642871+00:00,0.648
6ae7b724-d812-4d2f-9204-8987ecec1ce8,172e8b92-bb91-408d-87b3-254ad8a5b353,e6cafa573aac6ed9227f752a5371c0b3f436307d,nlohmann/json,completed,2025-07-01 15:27:32.227292+00:00,5.963
94e893ba-51ba-49af-9580-91c15b40358f,f32c23f1-e85f-41ce-aade-5de247170326,bc9af51b1886d1b3529617702f2a21a6c0ed5d92,axios/axios,completed,2025-07-01 15:28:34.223730+00:00,0.557
2a203737-cb3c-416f-9c0a-43bb15d9846a,82a92899-6d46-4d7b-b917-66ae40524344,85c9544fa4c9625b9656d9bd765e54f8e639287f,catchorg/Catch2,completed,2025-07-01 15:26:30.759282+00:00,2.11
54c05fe8-60b0-4623-b699-360e33baabaa,b2e4878b-c4b4-411b-8348-34ac2adcd99e,f0a0b546b074b3b511c2319a1ce83d412894b91f,iamkun/dayjs,completed,2025-07-01 15:28:46.642038+00:00,0.635
0ad6638e-8471-45a6-9a75-e32cb3a144c0,25495d72-3f7e-4c84-8bdf-de3213c19aa2,40cc2ffd7887959157aaf469e09585ec2be7f528,pylint-dev/pylint,completed,2025-07-01 15:38:58.151100+00:00,2.807
ef0b828b-cb12-4d5e-9ac8-89e21941dc21,403b1aa8-862d-4a54-8d0b-177cf984baef,851dadeb0338403e5021c3fbe80cbc9127ee672d,pydata/xarray,completed,2025-07-01 15:38:38.374019+00:00,4.643
fb8d9e2d-9e6e-40ad-a810-20bb7515ec4c,b2779e29-e50a-4ad5-9a0a-eefadf9cfb44,01914f0389ef6ff151c289670f6910e059d5063f,fmtlib/fmt,completed,2025-07-01 15:27:48.361357+00:00,2.545
82b2088e-a004-47f9-8eda-2c5f9b6ca6fe,c5df69eb-de76-4c98-b276-3dd074df2a37,c98bc4cd3d687fe9b392d8eecd905627191d4f06,pytest-dev/pytest,completed,2025-07-01 15:39:20.001785+00:00,2.825
37cc23a3-8c3b-4769-b6ca-158ee3975015,97cbf5fc-0a84-40aa-8dd4-52a3b83dce2d,991883df4d5910851130e3dc0e21fcbce604ea7d,darkreader/darkreader,completed,2025-07-01 15:29:50.066593+00:00,0.887
b61130d6-aaca-4098-a9d8-be73fb926bb3,dc34834b-b926-4ff8-bef7-6750300476df,2fdbf07978813ff40bea88f9ca9961cece59467c,fasterxml/jackson-core,completed,2025-07-01 15:35:27.942492+00:00,3.97
4f3b92d8-dac3-4134-b76a-146b57b77241,9892222f-e368-4382-9773-eea3b94d02bb,74bb7b2533af3f063d0794fe3962fb5226c27751,simdjson/simdjson,completed,2025-07-01 15:26:56.556412+00:00,4.554
360cf27c-3590-4737-ae32-7bf681067079,481782a6-29d9-4c8b-af4e-437bf3b87c8a,3ed7f4572534383e54f9fd0d2521131f64283410,fasterxml/jackson-databind,failed,2025-07-01 17:28:07.392314+00:00,8.33
975472b1-9db8-43aa-9d94-bd61323fab77,6e9a1f6e-149a-4411-bf85-b7bcd817b0c6,d0a1bd014331483c19208b831c4f6b488654a508,apache/dubbo,failed,2025-07-01 17:28:50.212063+00:00,13.351
